"Status","Start Time","Stop Time","Duration in ms","Parent Suite","Suite","Sub Suite","Test Class","Test Method","Name","Description"
"passed","Sun Dec 29 23:34:18 GMT 2024","Sun Dec 29 23:34:18 GMT 2024","1","","de.lenneflow.orchestrationservice.utils.ObjectMapperTest","","de.lenneflow.orchestrationservice.utils.ObjectMapperTest","","mapToGlobalInputData_returnsCorrectGlobalInputData()",""
"passed","Sun Dec 29 23:34:14 GMT 2024","Sun Dec 29 23:34:14 GMT 2024","9","","de.lenneflow.functionservice.util.ValidatorTest","","de.lenneflow.functionservice.util.ValidatorTest","","validateFunctionDTO_shouldThrowExceptionWhenNameIsNull()",""
"passed","Sun Dec 29 23:34:09 GMT 2024","Sun Dec 29 23:34:14 GMT 2024","5127","","de.lenneflow.orchestrationservice.controller.OrchestrationControllerTest","","de.lenneflow.orchestrationservice.controller.OrchestrationControllerTest","","startWorkflowGet2_shouldThrowExceptionWhenWorkflowNotFound()",""
"passed","Sun Dec 29 23:34:16 GMT 2024","Sun Dec 29 23:34:16 GMT 2024","2","","de.lenneflow.workflowservice.util.ObjectMapperTest","","de.lenneflow.workflowservice.util.ObjectMapperTest","","mapToWorkflowStep_shouldHandleNullSubWorkflowStep()",""
"passed","Sun Dec 29 23:34:15 GMT 2024","Sun Dec 29 23:34:15 GMT 2024","50","","de.lenneflow.orchestrationservice.feignclients.FunctionServiceClientTest","","de.lenneflow.orchestrationservice.feignclients.FunctionServiceClientTest","","deployFunction_shouldDeployFunction()",""
"passed","Sun Dec 29 23:34:14 GMT 2024","Sun Dec 29 23:34:14 GMT 2024","8","","de.lenneflow.functionservice.util.ValidatorTest","","de.lenneflow.functionservice.util.ValidatorTest","","validateFunctionDTO_shouldThrowExceptionWhenPackageRepositoryIsNull()",""
"passed","Sun Dec 29 23:34:13 GMT 2024","Sun Dec 29 23:34:13 GMT 2024","7","","de.lenneflow.workflowservice.controller.WorkflowStepControllerTest","","de.lenneflow.workflowservice.controller.WorkflowStepControllerTest","","addWhileWorkflowStep_shouldThrowExceptionWhenValidationFails()",""
"passed","Sun Dec 29 23:34:09 GMT 2024","Sun Dec 29 23:34:09 GMT 2024","7","","de.lenneflow.orchestrationservice.controller.OrchestrationControllerTest","","de.lenneflow.orchestrationservice.controller.OrchestrationControllerTest","","startWorkflowGet_shouldThrowExceptionWhenWorkflowNotFound()",""
"passed","Sun Dec 29 23:34:16 GMT 2024","Sun Dec 29 23:34:16 GMT 2024","2","","de.lenneflow.workflowservice.util.ValidatorTest","","de.lenneflow.workflowservice.util.ValidatorTest","","validateWorkflow_shouldThrowExceptionWhenNameAlreadyExists()",""
"passed","Sun Dec 29 23:34:16 GMT 2024","Sun Dec 29 23:34:16 GMT 2024","23","","de.lenneflow.orchestrationservice.feignclients.WorkflowServiceClientTest","","de.lenneflow.orchestrationservice.feignclients.WorkflowServiceClientTest","","getWorkflowStepByNameAndWorkflowId_shouldReturnWorkflowStep()",""
"passed","Sun Dec 29 23:34:16 GMT 2024","Sun Dec 29 23:34:16 GMT 2024","5","","de.lenneflow.orchestrationservice.helpercomponents.QueueControllerTest","","de.lenneflow.orchestrationservice.helpercomponents.QueueControllerTest","","publishRunStateChange_sendsRunNotification()",""
"passed","Sun Dec 29 23:34:16 GMT 2024","Sun Dec 29 23:34:16 GMT 2024","8","","de.lenneflow.workflowservice.util.ValidatorTest","","de.lenneflow.workflowservice.util.ValidatorTest","","validateWorkflowStep_shouldThrowExceptionWhenWorkflowDoesNotExist()",""
"passed","Sun Dec 29 23:34:18 GMT 2024","Sun Dec 29 23:34:18 GMT 2024","9","","de.lenneflow.orchestrationservice.helpercomponents.WorkflowRunnerTest","","de.lenneflow.orchestrationservice.helpercomponents.WorkflowRunnerTest","","getCurrentExecutionState_shouldReturnCurrentState()",""
"passed","Sun Dec 29 23:34:18 GMT 2024","Sun Dec 29 23:34:18 GMT 2024","48","","de.lenneflow.accountservice.controller.AccountControllerTests","","de.lenneflow.accountservice.controller.AccountControllerTests","","login_returnsLoginResponse_whenCredentialsAreValid()",""
"passed","Sun Dec 29 23:34:09 GMT 2024","Sun Dec 29 23:34:09 GMT 2024","38","","de.lenneflow.orchestrationservice.controller.OrchestrationControllerTest","","de.lenneflow.orchestrationservice.controller.OrchestrationControllerTest","","pauseWorkflow_shouldPauseWorkflow()",""
"passed","Sun Dec 29 23:34:14 GMT 2024","Sun Dec 29 23:34:14 GMT 2024","2","","de.lenneflow.functionservice.util.ValidatorTest","","de.lenneflow.functionservice.util.ValidatorTest","","validateFunction_shouldThrowExceptionWhenUidIsNull()",""
"passed","Sun Dec 29 23:34:13 GMT 2024","Sun Dec 29 23:34:13 GMT 2024","10","","de.lenneflow.functionservice.repository.FunctionRepositoryTest","","de.lenneflow.functionservice.repository.FunctionRepositoryTest","","findByUid_shouldReturnNullWhenUidDoesNotExist()",""
"passed","Sun Dec 29 23:34:13 GMT 2024","Sun Dec 29 23:34:13 GMT 2024","9","","de.lenneflow.workflowservice.controller.WorkflowStepControllerTest","","de.lenneflow.workflowservice.controller.WorkflowStepControllerTest","","updateSubWorkflowStep_shouldUpdateAndReturnWorkflowStep()",""
"passed","Sun Dec 29 23:34:18 GMT 2024","Sun Dec 29 23:34:18 GMT 2024","1","","de.lenneflow.orchestrationservice.repository.GlobalInputDataRepositoryTest","","de.lenneflow.orchestrationservice.repository.GlobalInputDataRepositoryTest","","findByUid_returnsNull_whenUidDoesNotExist()",""
"passed","Sun Dec 29 23:34:18 GMT 2024","Sun Dec 29 23:34:20 GMT 2024","2064","","de.lenneflow.workerservice.component.CloudClusterControllerTest","","de.lenneflow.workerservice.component.CloudClusterControllerTest","","getCluster_shouldReturnNullWhenNotFound()",""
"passed","Sun Dec 29 23:34:14 GMT 2024","Sun Dec 29 23:34:14 GMT 2024","2","","de.lenneflow.functionservice.util.ValidatorTest","","de.lenneflow.functionservice.util.ValidatorTest","","validateFunctionDTO_shouldThrowExceptionWhenMemoryRequestIsInvalid()",""
"passed","Sun Dec 29 23:34:08 GMT 2024","Sun Dec 29 23:34:08 GMT 2024","30","","de.lenneflow.functionservice.controller.FunctionControllerTest","","de.lenneflow.functionservice.controller.FunctionControllerTest","","deleteFunction_shouldDeleteFunctionWhenIdExists()",""
"passed","Sun Dec 29 23:34:08 GMT 2024","Sun Dec 29 23:34:08 GMT 2024","69","","de.lenneflow.workflowservice.controller.WorkflowControllerTest","","de.lenneflow.workflowservice.controller.WorkflowControllerTest","","deleteWorkflow_shouldDeleteWorkflowAndSteps()",""
"passed","Sun Dec 29 23:34:14 GMT 2024","Sun Dec 29 23:34:14 GMT 2024","5","","de.lenneflow.functionservice.util.ObjectMapperTest","","de.lenneflow.functionservice.util.ObjectMapperTest","","mapToFunction_shouldMapAllFieldsCorrectly()",""
"passed","Sun Dec 29 23:34:23 GMT 2024","Sun Dec 29 23:34:23 GMT 2024","2","","de.lenneflow.workerservice.util.ValidatorTest","","de.lenneflow.workerservice.util.ValidatorTest","","validateLocalClusterDTO_shouldThrowExceptionWhenAccessTokenUidIsInvalid()",""
"passed","Sun Dec 29 23:34:14 GMT 2024","Sun Dec 29 23:34:14 GMT 2024","3","","de.lenneflow.functionservice.util.ObjectMapperTest","","de.lenneflow.functionservice.util.ObjectMapperTest","","mapToFunction_shouldHandleNullFields()",""
"passed","Sun Dec 29 23:34:13 GMT 2024","Sun Dec 29 23:34:13 GMT 2024","7","","de.lenneflow.workflowservice.controller.WorkflowStepControllerTest","","de.lenneflow.workflowservice.controller.WorkflowStepControllerTest","","getStepByNameAndWorkflowId_shouldReturnNullWhenNotFound()",""
"passed","Sun Dec 29 23:34:23 GMT 2024","Sun Dec 29 23:34:23 GMT 2024","0","","de.lenneflow.workerservice.util.UtilTest","","de.lenneflow.workerservice.util.UtilTest","","pause_shouldHandleInterruptedException()",""
"passed","Sun Dec 29 23:34:14 GMT 2024","Sun Dec 29 23:34:16 GMT 2024","2473","","de.lenneflow.workflowservice.repository.JsonSchemaRepositoryTest","","de.lenneflow.workflowservice.repository.JsonSchemaRepositoryTest","","findAll_shouldReturnAllJsonSchemas()",""
"passed","Sun Dec 29 23:34:16 GMT 2024","Sun Dec 29 23:34:16 GMT 2024","5","","de.lenneflow.workflowservice.repository.WorkflowStepRepositoryTest","","de.lenneflow.workflowservice.repository.WorkflowStepRepositoryTest","","findByNameAndWorkflowUid_shouldReturnWorkflowStep()",""
"passed","Sun Dec 29 23:34:18 GMT 2024","Sun Dec 29 23:34:18 GMT 2024","1","","de.lenneflow.orchestrationservice.repository.WorkflowStepInstanceRepositoryTest","","de.lenneflow.orchestrationservice.repository.WorkflowStepInstanceRepositoryTest","","findByUid_returnsNull_whenUidIsEmpty()",""
"passed","Sun Dec 29 23:34:18 GMT 2024","Sun Dec 29 23:34:18 GMT 2024","1","","de.lenneflow.orchestrationservice.repository.WorkflowInstanceRepositoryTest","","de.lenneflow.orchestrationservice.repository.WorkflowInstanceRepositoryTest","","findByUid_returnsWorkflowInstance_whenUidExists()",""
"passed","Sun Dec 29 23:34:16 GMT 2024","Sun Dec 29 23:34:16 GMT 2024","23","","de.lenneflow.orchestrationservice.helpercomponents.QueueControllerTest","","de.lenneflow.orchestrationservice.helpercomponents.QueueControllerTest","","addFunctionDtoToQueue_logsErrorOnException()",""
"passed","Sun Dec 29 23:34:18 GMT 2024","Sun Dec 29 23:34:18 GMT 2024","1","","de.lenneflow.orchestrationservice.utils.ObjectMapperTest","","de.lenneflow.orchestrationservice.utils.ObjectMapperTest","","mapFunctionQueueElement_handlesNullFunctionType()",""
"passed","Sun Dec 29 23:34:08 GMT 2024","Sun Dec 29 23:34:08 GMT 2024","18","","de.lenneflow.workflowservice.controller.WorkflowControllerTest","","de.lenneflow.workflowservice.controller.WorkflowControllerTest","","getWorkflowByName_shouldReturnNullWhenNotFound()",""
"passed","Sun Dec 29 23:34:13 GMT 2024","Sun Dec 29 23:34:13 GMT 2024","12","","de.lenneflow.functionservice.feignclients.WorkerServiceClientTest","","de.lenneflow.functionservice.feignclients.WorkerServiceClientTest","","getK8sConnectionToken_shouldReturnAccessToken()",""
"passed","Sun Dec 29 23:34:16 GMT 2024","Sun Dec 29 23:34:16 GMT 2024","21","","de.lenneflow.workflowservice.util.ValidatorTest","","de.lenneflow.workflowservice.util.ValidatorTest","","validateWorkflowStep_shouldThrowExceptionWhenExecutionOrderIsZero()",""
"passed","Sun Dec 29 23:34:16 GMT 2024","Sun Dec 29 23:34:16 GMT 2024","2","","de.lenneflow.orchestrationservice.helpercomponents.InstanceControllerTest","","de.lenneflow.orchestrationservice.helpercomponents.InstanceControllerTest","","updateOutputData_updatesWorkflowInstanceOutputData()",""
"passed","Sun Dec 29 23:34:15 GMT 2024","Sun Dec 29 23:34:15 GMT 2024","3","","de.lenneflow.callbackservice.util.UtilTest","","de.lenneflow.callbackservice.util.UtilTest","","deserializeResultQueueElement_shouldThrowExceptionWhenSerializedResultQueueElementIsNull()",""
"passed","Sun Dec 29 23:34:21 GMT 2024","Sun Dec 29 23:34:21 GMT 2024","1","","de.lenneflow.accountservice.util.ValidatorTest","","de.lenneflow.accountservice.util.ValidatorTest","","validateThrowsExceptionWhenPayloadIsNull()",""
"passed","Sun Dec 29 23:34:16 GMT 2024","Sun Dec 29 23:34:16 GMT 2024","940","","de.lenneflow.orchestrationservice.helpercomponents.QueueControllerTest","","de.lenneflow.orchestrationservice.helpercomponents.QueueControllerTest","","addElementToResultQueue_logsErrorOnException()",""
"passed","Sun Dec 29 23:34:17 GMT 2024","Sun Dec 29 23:34:17 GMT 2024","21","","de.lenneflow.orchestrationservice.helpercomponents.QueueListenerTest","","de.lenneflow.orchestrationservice.helpercomponents.QueueListenerTest","","queueListener_logsErrorOnException()",""
"passed","Sun Dec 29 23:34:13 GMT 2024","Sun Dec 29 23:34:13 GMT 2024","24","","de.lenneflow.functionservice.repository.FunctionRepositoryTest","","de.lenneflow.functionservice.repository.FunctionRepositoryTest","","findByName_shouldReturnNullWhenNameDoesNotExist()",""
"passed","Sun Dec 29 23:34:18 GMT 2024","Sun Dec 29 23:34:18 GMT 2024","53","","de.lenneflow.orchestrationservice.helpercomponents.WorkflowRunnerTest","","de.lenneflow.orchestrationservice.helpercomponents.WorkflowRunnerTest","","startWorkflow_shouldDeployFunctionsFirst()",""
"passed","Sun Dec 29 23:34:16 GMT 2024","Sun Dec 29 23:34:16 GMT 2024","184","","de.lenneflow.orchestrationservice.helpercomponents.InstanceControllerTest","","de.lenneflow.orchestrationservice.helpercomponents.InstanceControllerTest","","setFailureReason_setsFailureReasonForWorkflowInstance()",""
"passed","Sun Dec 29 23:34:16 GMT 2024","Sun Dec 29 23:34:16 GMT 2024","4","","de.lenneflow.orchestrationservice.helpercomponents.InstanceControllerTest","","de.lenneflow.orchestrationservice.helpercomponents.InstanceControllerTest","","setStartTime_setsStartTimeForWorkflowStepInstance()",""
"passed","Sun Dec 29 23:34:13 GMT 2024","Sun Dec 29 23:34:13 GMT 2024","21","","de.lenneflow.workflowservice.controller.WorkflowStepControllerTest","","de.lenneflow.workflowservice.controller.WorkflowStepControllerTest","","updateSimpleWorkflowStep_shouldUpdateAndReturnWorkflowStep()",""
"passed","Sun Dec 29 23:34:13 GMT 2024","Sun Dec 29 23:34:13 GMT 2024","2","","de.lenneflow.workflowservice.controller.WorkflowStepControllerTest","","de.lenneflow.workflowservice.controller.WorkflowStepControllerTest","","getStepByNameAndWorkflowId_shouldReturnWorkflowStep()",""
"passed","Sun Dec 29 23:34:23 GMT 2024","Sun Dec 29 23:34:23 GMT 2024","3","","de.lenneflow.workerservice.controller.WorkerControllerTest","","de.lenneflow.workerservice.controller.WorkerControllerTest","","updateWorker_shouldThrowExceptionWhenClusterNotFound()",""
"passed","Sun Dec 29 23:34:18 GMT 2024","Sun Dec 29 23:34:18 GMT 2024","1","","de.lenneflow.orchestrationservice.repository.WorkflowStepInstanceRepositoryTest","","de.lenneflow.orchestrationservice.repository.WorkflowStepInstanceRepositoryTest","","findByWorkflowInstanceUid_returnsEmptyList_whenWorkflowInstanceUidDoesNotExist()",""
"passed","Sun Dec 29 23:34:19 GMT 2024","Sun Dec 29 23:34:19 GMT 2024","10","","de.lenneflow.orchestrationservice.utils.ValidatorTest","","de.lenneflow.orchestrationservice.utils.ValidatorTest","","validateJsonData_invalidJsonData_throwsPayloadNotValidException()",""
"passed","Sun Dec 29 23:34:16 GMT 2024","Sun Dec 29 23:34:16 GMT 2024","5","","de.lenneflow.workflowservice.repository.WorkflowRepositoryTest","","de.lenneflow.workflowservice.repository.WorkflowRepositoryTest","","findByStatusListenerEnabled_shouldReturnWorkflows()",""
"passed","Sun Dec 29 23:34:23 GMT 2024","Sun Dec 29 23:34:23 GMT 2024","0","","de.lenneflow.workerservice.util.ObjectMapperTest","","de.lenneflow.workerservice.util.ObjectMapperTest","","mapToKubernetesCluster_shouldMapUnmanagedClusterDTOToKubernetesCluster()",""
"passed","Sun Dec 29 23:34:13 GMT 2024","Sun Dec 29 23:34:13 GMT 2024","15","","de.lenneflow.workflowservice.controller.WorkflowStepControllerTest","","de.lenneflow.workflowservice.controller.WorkflowStepControllerTest","","updateSwitchWorkflowStep_shouldUpdateAndReturnWorkflowStep()",""
"passed","Sun Dec 29 23:34:13 GMT 2024","Sun Dec 29 23:34:13 GMT 2024","23","","de.lenneflow.workflowservice.controller.WorkflowStepControllerTest","","de.lenneflow.workflowservice.controller.WorkflowStepControllerTest","","getWorkflowStepsByWorkflowID_shouldReturnWorkflowSteps()",""
"passed","Sun Dec 29 23:34:16 GMT 2024","Sun Dec 29 23:34:16 GMT 2024","13","","de.lenneflow.orchestrationservice.feignclients.WorkflowServiceClientTest","","de.lenneflow.orchestrationservice.feignclients.WorkflowServiceClientTest","","getWorkflowById_shouldReturnWorkflow()",""
"passed","Sun Dec 29 23:34:18 GMT 2024","Sun Dec 29 23:34:18 GMT 2024","135","","de.lenneflow.orchestrationservice.helpercomponents.WorkflowRunnerTest","","de.lenneflow.orchestrationservice.helpercomponents.WorkflowRunnerTest","","processFunctionDtoFromQueue_shouldProcessFunction()",""
"passed","Sun Dec 29 23:34:23 GMT 2024","Sun Dec 29 23:34:23 GMT 2024","0","","de.lenneflow.workerservice.repository.CloudCredentialRepositoryTest","","de.lenneflow.workerservice.repository.CloudCredentialRepositoryTest","","findByName_shouldReturnCloudCredentialWhenNameExists()",""
"passed","Sun Dec 29 23:34:16 GMT 2024","Sun Dec 29 23:34:16 GMT 2024","9","","de.lenneflow.orchestrationservice.helpercomponents.InstanceControllerTest","","de.lenneflow.orchestrationservice.helpercomponents.InstanceControllerTest","","getNextWorkflowStepInstance_returnsNextStepInstance()",""
"passed","Sun Dec 29 23:34:16 GMT 2024","Sun Dec 29 23:34:16 GMT 2024","11","","de.lenneflow.orchestrationservice.helpercomponents.QueueControllerTest","","de.lenneflow.orchestrationservice.helpercomponents.QueueControllerTest","","addFunctionDtoToQueue_sendsQueueElement()",""
"passed","Sun Dec 29 23:34:16 GMT 2024","Sun Dec 29 23:34:16 GMT 2024","3","","de.lenneflow.callbackservice.util.ValidatorTest","","de.lenneflow.callbackservice.util.ValidatorTest","","validate_shouldThrowExceptionWhenPayloadIsNull()",""
"passed","Sun Dec 29 23:34:18 GMT 2024","Sun Dec 29 23:34:18 GMT 2024","1","","de.lenneflow.orchestrationservice.utils.ExpressionEvaluatorTests","","de.lenneflow.orchestrationservice.utils.ExpressionEvaluatorTests","","readDataFromPath_withInvalidStep_throwsInternalServiceException()",""
"passed","Sun Dec 29 23:34:18 GMT 2024","Sun Dec 29 23:34:18 GMT 2024","12","","de.lenneflow.workerservice.component.CloudClusterControllerTest","","de.lenneflow.workerservice.component.CloudClusterControllerTest","","getConnectionToken_shouldReturnAccessToken()",""
"passed","Sun Dec 29 23:34:16 GMT 2024","Sun Dec 29 23:34:16 GMT 2024","1","","de.lenneflow.workflowservice.util.ObjectMapperTest","","de.lenneflow.workflowservice.util.ObjectMapperTest","","mapToWorkflowStep_shouldMapSimpleWorkflowStepToWorkflowStep()",""
"passed","Sun Dec 29 23:34:18 GMT 2024","Sun Dec 29 23:34:18 GMT 2024","10","","de.lenneflow.workerservice.component.CloudClusterControllerTest","","de.lenneflow.workerservice.component.CloudClusterControllerTest","","getCluster_shouldReturnKubernetesCluster()",""
"passed","Sun Dec 29 23:34:16 GMT 2024","Sun Dec 29 23:34:16 GMT 2024","15","","de.lenneflow.orchestrationservice.helpercomponents.QueueControllerTest","","de.lenneflow.orchestrationservice.helpercomponents.QueueControllerTest","","publishRunStateChange_logsErrorOnException()",""
"passed","Sun Dec 29 23:34:15 GMT 2024","Sun Dec 29 23:34:15 GMT 2024","9","","de.lenneflow.functionservice.util.YamlEditorTest","","de.lenneflow.functionservice.util.YamlEditorTest","","addPathToKubernetesIngressResource_shouldAddPathToIngress()",""
"passed","Sun Dec 29 23:34:23 GMT 2024","Sun Dec 29 23:34:23 GMT 2024","2","","de.lenneflow.workerservice.controller.WorkerControllerTest","","de.lenneflow.workerservice.controller.WorkerControllerTest","","deleteWorker_shouldThrowExceptionWhenClusterNotFound()",""
"passed","Sun Dec 29 23:34:23 GMT 2024","Sun Dec 29 23:34:23 GMT 2024","1","","de.lenneflow.workerservice.util.ValidatorTest","","de.lenneflow.workerservice.util.ValidatorTest","","validateManagedClusterDTO_shouldThrowExceptionWhenCloudCredentialUidIsInvalid()",""
"passed","Sun Dec 29 23:34:19 GMT 2024","Sun Dec 29 23:34:19 GMT 2024","1","","de.lenneflow.orchestrationservice.utils.ValidatorTest","","de.lenneflow.orchestrationservice.utils.ValidatorTest","","validate_emptyName_throwsPayloadNotValidException()",""
"passed","Sun Dec 29 23:34:21 GMT 2024","Sun Dec 29 23:34:21 GMT 2024","1","","de.lenneflow.accountservice.util.ValidatorTest","","de.lenneflow.accountservice.util.ValidatorTest","","validateThrowsExceptionWhenPasswordIsEmpty()",""
"passed","Sun Dec 29 23:34:16 GMT 2024","Sun Dec 29 23:34:16 GMT 2024","1","","de.lenneflow.workflowservice.repository.WorkflowStepRepositoryTest","","de.lenneflow.workflowservice.repository.WorkflowStepRepositoryTest","","findByWorkflowName_shouldReturnWorkflowSteps()",""
"passed","Sun Dec 29 23:34:18 GMT 2024","Sun Dec 29 23:34:18 GMT 2024","2","","de.lenneflow.orchestrationservice.repository.WorkflowInstanceRepositoryTest","","de.lenneflow.orchestrationservice.repository.WorkflowInstanceRepositoryTest","","findByUid_returnsNull_whenUidDoesNotExist()",""
"passed","Sun Dec 29 23:34:23 GMT 2024","Sun Dec 29 23:34:23 GMT 2024","2","","de.lenneflow.workerservice.repository.CloudCredentialRepositoryTest","","de.lenneflow.workerservice.repository.CloudCredentialRepositoryTest","","delete_shouldRemoveCloudCredential()",""
"passed","Sun Dec 29 23:34:09 GMT 2024","Sun Dec 29 23:34:09 GMT 2024","25","","de.lenneflow.orchestrationservice.controller.OrchestrationControllerTest","","de.lenneflow.orchestrationservice.controller.OrchestrationControllerTest","","executionList_shouldReturnExecutionList()",""
"passed","Sun Dec 29 23:34:23 GMT 2024","Sun Dec 29 23:34:23 GMT 2024","1","","de.lenneflow.workerservice.repository.KubernetesClusterRepositoryTest","","de.lenneflow.workerservice.repository.KubernetesClusterRepositoryTest","","findByClusterNameAndCloudProviderAndRegion_shouldReturnNullWhenNotExists()",""
"passed","Sun Dec 29 23:34:18 GMT 2024","Sun Dec 29 23:34:18 GMT 2024","13","","de.lenneflow.orchestrationservice.helpercomponents.WorkflowRunnerTest","","de.lenneflow.orchestrationservice.helpercomponents.WorkflowRunnerTest","","startWorkflow_shouldThrowExceptionWhenNoStartStep()",""
"passed","Sun Dec 29 23:34:13 GMT 2024","Sun Dec 29 23:34:13 GMT 2024","6","","de.lenneflow.functionservice.repository.FunctionRepositoryTest","","de.lenneflow.functionservice.repository.FunctionRepositoryTest","","findByName_shouldReturnFunctionWhenNameExists()",""
"passed","Sun Dec 29 23:34:18 GMT 2024","Sun Dec 29 23:34:18 GMT 2024","1","","de.lenneflow.orchestrationservice.utils.UtilTest","","de.lenneflow.orchestrationservice.utils.UtilTest","","deserializeQueueElement_throwsIOExceptionForInvalidData()",""
"passed","Sun Dec 29 23:34:21 GMT 2024","Sun Dec 29 23:34:21 GMT 2024","10","","de.lenneflow.accountservice.util.ObjectMapperTest","","de.lenneflow.accountservice.util.ObjectMapperTest","","mapToUser_returnsUserWithCorrectFields_whenUserDtoIsValid()",""
"passed","Sun Dec 29 23:34:08 GMT 2024","Sun Dec 29 23:34:08 GMT 2024","100","","de.lenneflow.workflowservice.controller.PingControllerTest","","de.lenneflow.workflowservice.controller.PingControllerTest","","checkService_shouldReturnWelcomeMessage()",""
"passed","Sun Dec 29 23:34:23 GMT 2024","Sun Dec 29 23:34:23 GMT 2024","1","","de.lenneflow.workerservice.repository.AccessTokenRepositoryTest","","de.lenneflow.workerservice.repository.AccessTokenRepositoryTest","","findByUid_shouldReturnAccessTokenWhenUidExists()",""
"passed","Sun Dec 29 23:34:08 GMT 2024","Sun Dec 29 23:34:08 GMT 2024","19","","de.lenneflow.workflowservice.controller.WorkflowControllerTest","","de.lenneflow.workflowservice.controller.WorkflowControllerTest","","addNewWorkflow_shouldCreateAndReturnWorkflow()",""
"passed","Sun Dec 29 23:34:16 GMT 2024","Sun Dec 29 23:34:16 GMT 2024","11","","de.lenneflow.orchestrationservice.helpercomponents.InstanceControllerTest","","de.lenneflow.orchestrationservice.helpercomponents.InstanceControllerTest","","getStartStep_returnsFirstStepInstance()",""
"passed","Sun Dec 29 23:34:15 GMT 2024","Sun Dec 29 23:34:15 GMT 2024","136","","de.lenneflow.functionservice.util.YamlEditorTest","","de.lenneflow.functionservice.util.YamlEditorTest","","createKubernetesDeploymentResource_shouldCreateDeploymentWithCorrectValues()",""
"passed","Sun Dec 29 23:34:16 GMT 2024","Sun Dec 29 23:34:16 GMT 2024","14","","de.lenneflow.workflowservice.util.ValidatorTest","","de.lenneflow.workflowservice.util.ValidatorTest","","validateWorkflowStep_shouldThrowExceptionWhenDoWhileStepHasNoStopCondition()",""
"passed","Sun Dec 29 23:34:19 GMT 2024","Sun Dec 29 23:34:19 GMT 2024","11","","de.lenneflow.orchestrationservice.utils.ValidatorTest","","de.lenneflow.orchestrationservice.utils.ValidatorTest","","validate_nullName_throwsPayloadNotValidException()",""
"passed","Sun Dec 29 23:34:09 GMT 2024","Sun Dec 29 23:34:09 GMT 2024","43","","de.lenneflow.orchestrationservice.controller.OrchestrationControllerTest","","de.lenneflow.orchestrationservice.controller.OrchestrationControllerTest","","startWorkflowPost_shouldStartWorkflow()",""
"passed","Sun Dec 29 23:34:15 GMT 2024","Sun Dec 29 23:34:15 GMT 2024","15","","de.lenneflow.functionservice.util.YamlEditorTest","","de.lenneflow.functionservice.util.YamlEditorTest","","createKubernetesServiceAccountResource_shouldCreateServiceAccountWithCorrectValues()",""
"passed","Sun Dec 29 23:34:16 GMT 2024","Sun Dec 29 23:34:16 GMT 2024","1","","de.lenneflow.workflowservice.repository.WorkflowStepRepositoryTest","","de.lenneflow.workflowservice.repository.WorkflowStepRepositoryTest","","findByWorkflowUid_shouldReturnWorkflowSteps()",""
"passed","Sun Dec 29 23:34:16 GMT 2024","Sun Dec 29 23:34:16 GMT 2024","4","","de.lenneflow.workflowservice.repository.WorkflowRepositoryTest","","de.lenneflow.workflowservice.repository.WorkflowRepositoryTest","","findByName_shouldReturnWorkflow()",""
"passed","Sun Dec 29 23:34:18 GMT 2024","Sun Dec 29 23:34:18 GMT 2024","1","","de.lenneflow.orchestrationservice.repository.WorkflowStepInstanceRepositoryTest","","de.lenneflow.orchestrationservice.repository.WorkflowStepInstanceRepositoryTest","","findByNameAndWorkflowInstanceUid_returnsWorkflowStepInstance_whenNameAndWorkflowInstanceUidExist()",""
"passed","Sun Dec 29 23:34:08 GMT 2024","Sun Dec 29 23:34:12 GMT 2024","4501","","de.lenneflow.functionservice.controller.FunctionControllerTest","","de.lenneflow.functionservice.controller.FunctionControllerTest","","updateFunction_shouldThrowExceptionWhenFunctionNotFound()",""
"passed","Sun Dec 29 23:34:08 GMT 2024","Sun Dec 29 23:34:12 GMT 2024","4309","","de.lenneflow.workflowservice.controller.WorkflowControllerTest","","de.lenneflow.workflowservice.controller.WorkflowControllerTest","","getJsonSchemaList_shouldReturnJsonSchemaList()",""
"passed","Sun Dec 29 23:34:14 GMT 2024","Sun Dec 29 23:34:14 GMT 2024","5","","de.lenneflow.functionservice.util.ValidatorTest","","de.lenneflow.functionservice.util.ValidatorTest","","validateFunctionDTO_shouldThrowExceptionWhenCpuRequestIsInvalid()",""
"passed","Sun Dec 29 23:34:23 GMT 2024","Sun Dec 29 23:34:23 GMT 2024","1","","de.lenneflow.workerservice.util.ValidatorTest","","de.lenneflow.workerservice.util.ValidatorTest","","validateUnmanagedClusterDTO_shouldThrowExceptionWhenClusterNameIsNull()",""
"passed","Sun Dec 29 23:34:09 GMT 2024","Sun Dec 29 23:34:09 GMT 2024","17","","de.lenneflow.orchestrationservice.controller.OrchestrationControllerTest","","de.lenneflow.orchestrationservice.controller.OrchestrationControllerTest","","getGlobalInputData_shouldReturnGlobalInputData()",""
"passed","Sun Dec 29 23:34:23 GMT 2024","Sun Dec 29 23:34:23 GMT 2024","1","","de.lenneflow.workerservice.util.ObjectMapperTest","","de.lenneflow.workerservice.util.ObjectMapperTest","","mapToKubernetesCluster_shouldMapManagedClusterDTOToKubernetesCluster()",""
"passed","Sun Dec 29 23:34:18 GMT 2024","Sun Dec 29 23:34:18 GMT 2024","7","","de.lenneflow.orchestrationservice.repository.WorkflowStepInstanceRepositoryTest","","de.lenneflow.orchestrationservice.repository.WorkflowStepInstanceRepositoryTest","","findByWorkflowInstanceUid_returnsListOfWorkflowStepInstances_whenWorkflowInstanceUidExists()",""
"passed","Sun Dec 29 23:34:13 GMT 2024","Sun Dec 29 23:34:13 GMT 2024","10","","de.lenneflow.workflowservice.controller.WorkflowStepControllerTest","","de.lenneflow.workflowservice.controller.WorkflowStepControllerTest","","getStep_shouldReturnNullWhenNotFound()",""
"passed","Sun Dec 29 23:34:16 GMT 2024","Sun Dec 29 23:34:16 GMT 2024","1","","de.lenneflow.callbackservice.util.ValidatorTest","","de.lenneflow.callbackservice.util.ValidatorTest","","validate_shouldThrowExceptionWhenOutputDataIsNull()",""
"passed","Sun Dec 29 23:34:15 GMT 2024","Sun Dec 29 23:34:15 GMT 2024","5","","de.lenneflow.functionservice.util.YamlEditorTest","","de.lenneflow.functionservice.util.YamlEditorTest","","createResourcesRequestMap_shouldCreateCorrectRequestMap()",""
"passed","Sun Dec 29 23:34:14 GMT 2024","Sun Dec 29 23:34:14 GMT 2024","4","","de.lenneflow.workflowservice.repository.JsonSchemaRepositoryTest","","de.lenneflow.workflowservice.repository.JsonSchemaRepositoryTest","","delete_shouldRemoveJsonSchema()",""
"passed","Sun Dec 29 23:34:14 GMT 2024","Sun Dec 29 23:34:14 GMT 2024","1","","de.lenneflow.workflowservice.repository.JsonSchemaRepositoryTest","","de.lenneflow.workflowservice.repository.JsonSchemaRepositoryTest","","findByUid_shouldReturnNullWhenNotFound()",""
"passed","Sun Dec 29 23:34:16 GMT 2024","Sun Dec 29 23:34:16 GMT 2024","1","","de.lenneflow.workflowservice.util.ObjectMapperTest","","de.lenneflow.workflowservice.util.ObjectMapperTest","","mapToWorkflowStep_shouldMapSimpleWorkflowStepWithNullFields()",""
"passed","Sun Dec 29 23:34:08 GMT 2024","Sun Dec 29 23:34:08 GMT 2024","9","","de.lenneflow.functionservice.controller.FunctionControllerTest","","de.lenneflow.functionservice.controller.FunctionControllerTest","","addFunction_shouldThrowExceptionWhenValidationFails()",""
"passed","Sun Dec 29 23:34:18 GMT 2024","Sun Dec 29 23:34:20 GMT 2024","2248","","de.lenneflow.accountservice.controller.AccountControllerTests","","de.lenneflow.accountservice.controller.AccountControllerTests","","getUserById_returnsNull_whenUserDoesNotExist()",""
"passed","Sun Dec 29 23:34:16 GMT 2024","Sun Dec 29 23:34:16 GMT 2024","1","","de.lenneflow.workflowservice.util.ValidatorTest","","de.lenneflow.workflowservice.util.ValidatorTest","","validateWorkflowDTO_shouldThrowExceptionWhenInputDataSchemaUidIsNull()",""
"passed","Sun Dec 29 23:34:16 GMT 2024","Sun Dec 29 23:34:16 GMT 2024","3","","de.lenneflow.workflowservice.repository.WorkflowRepositoryTest","","de.lenneflow.workflowservice.repository.WorkflowRepositoryTest","","findByUid_shouldReturnWorkflow()",""
"passed","Sun Dec 29 23:34:23 GMT 2024","Sun Dec 29 23:34:23 GMT 2024","7","","de.lenneflow.workerservice.controller.WorkerControllerTest","","de.lenneflow.workerservice.controller.WorkerControllerTest","","getAllClusters_shouldReturnClusterList()",""
"passed","Sun Dec 29 23:34:23 GMT 2024","Sun Dec 29 23:34:23 GMT 2024","9","","de.lenneflow.workerservice.util.UtilTest","","de.lenneflow.workerservice.util.UtilTest","","executeSSHCommand_shouldThrowExceptionForInvalidCredentials()",""
"passed","Sun Dec 29 23:34:15 GMT 2024","Sun Dec 29 23:34:15 GMT 2024","32","","de.lenneflow.functionservice.util.YamlEditorTest","","de.lenneflow.functionservice.util.YamlEditorTest","","createKubernetesServiceResource_shouldCreateServiceWithCorrectValues()",""
"passed","Sun Dec 29 23:34:16 GMT 2024","Sun Dec 29 23:34:16 GMT 2024","3","","de.lenneflow.orchestrationservice.feignclients.WorkflowServiceClientTest","","de.lenneflow.orchestrationservice.feignclients.WorkflowServiceClientTest","","getStepListByWorkflowId_shouldReturnStepList()",""
"passed","Sun Dec 29 23:34:23 GMT 2024","Sun Dec 29 23:34:23 GMT 2024","2","","de.lenneflow.workerservice.repository.AccessTokenRepositoryTest","","de.lenneflow.workerservice.repository.AccessTokenRepositoryTest","","delete_shouldRemoveAccessToken()",""
"passed","Sun Dec 29 23:34:23 GMT 2024","Sun Dec 29 23:34:23 GMT 2024","3","","de.lenneflow.workerservice.controller.WorkerControllerTest","","de.lenneflow.workerservice.controller.WorkerControllerTest","","registerUnmanagedKubernetesCluster_shouldRegisterCluster()",""
"passed","Sun Dec 29 23:34:15 GMT 2024","Sun Dec 29 23:34:15 GMT 2024","6","","de.lenneflow.orchestrationservice.feignclients.FunctionServiceClientTest","","de.lenneflow.orchestrationservice.feignclients.FunctionServiceClientTest","","getFunctionHome_shouldReturnHomeString()",""
"passed","Sun Dec 29 23:34:15 GMT 2024","Sun Dec 29 23:34:15 GMT 2024","2","","de.lenneflow.orchestrationservice.controller.PingControllerTest","","de.lenneflow.orchestrationservice.controller.PingControllerTest","","checkService_shouldReturnWelcomeMessage()",""
"passed","Sun Dec 29 23:34:17 GMT 2024","Sun Dec 29 23:34:17 GMT 2024","4","","de.lenneflow.orchestrationservice.helpercomponents.QueueListenerTest","","de.lenneflow.orchestrationservice.helpercomponents.QueueListenerTest","","resultQueueListener_processesResultQueueElement()",""
"passed","Sun Dec 29 23:34:23 GMT 2024","Sun Dec 29 23:34:23 GMT 2024","1","","de.lenneflow.workerservice.util.ObjectMapperTest","","de.lenneflow.workerservice.util.ObjectMapperTest","","mapToKubernetesCluster_shouldMapLocalClusterDTOToKubernetesCluster()",""
"passed","Sun Dec 29 23:34:23 GMT 2024","Sun Dec 29 23:34:23 GMT 2024","2","","de.lenneflow.workerservice.controller.WorkerControllerTest","","de.lenneflow.workerservice.controller.WorkerControllerTest","","deleteLocalApiToken_shouldDeleteToken()",""
"passed","Sun Dec 29 23:34:19 GMT 2024","Sun Dec 29 23:34:19 GMT 2024","19","","de.lenneflow.orchestrationservice.utils.ValidatorTest","","de.lenneflow.orchestrationservice.utils.ValidatorTest","","validateJsonData_validData_noExceptionThrown()",""
"passed","Sun Dec 29 23:34:16 GMT 2024","Sun Dec 29 23:34:16 GMT 2024","2","","de.lenneflow.workflowservice.repository.WorkflowStepRepositoryTest","","de.lenneflow.workflowservice.repository.WorkflowStepRepositoryTest","","findByWorkflowUid_shouldReturnEmptyListWhenNoneFound()",""
"passed","Sun Dec 29 23:34:18 GMT 2024","Sun Dec 29 23:34:18 GMT 2024","1","","de.lenneflow.orchestrationservice.repository.WorkflowStepInstanceRepositoryTest","","de.lenneflow.orchestrationservice.repository.WorkflowStepInstanceRepositoryTest","","findByUid_returnsNull_whenUidIsNull()",""
"passed","Sun Dec 29 23:34:15 GMT 2024","Sun Dec 29 23:34:15 GMT 2024","3","","de.lenneflow.orchestrationservice.controller.PingControllerTest","","de.lenneflow.orchestrationservice.controller.PingControllerTest","","checkFeign_shouldReturnFunctionHome()",""
"passed","Sun Dec 29 23:34:08 GMT 2024","Sun Dec 29 23:34:08 GMT 2024","68","","de.lenneflow.workflowservice.controller.WorkflowControllerTest","","de.lenneflow.workflowservice.controller.WorkflowControllerTest","","getWorkflow_shouldReturnNullWhenNotFound()",""
"passed","Sun Dec 29 23:34:23 GMT 2024","Sun Dec 29 23:34:23 GMT 2024","0","","de.lenneflow.workerservice.util.ObjectMapperTest","","de.lenneflow.workerservice.util.ObjectMapperTest","","mapToAccessToken_shouldMapAccessTokenDtoToAccessToken()",""
"passed","Sun Dec 29 23:34:16 GMT 2024","Sun Dec 29 23:34:16 GMT 2024","1","","de.lenneflow.workflowservice.util.ObjectMapperTest","","de.lenneflow.workflowservice.util.ObjectMapperTest","","mapToWorkflow_shouldHandleNullWorkflowDTO()",""
"passed","Sun Dec 29 23:34:13 GMT 2024","Sun Dec 29 23:34:13 GMT 2024","30","","de.lenneflow.workflowservice.controller.WorkflowStepControllerTest","","de.lenneflow.workflowservice.controller.WorkflowStepControllerTest","","addSubWorkflowStep_shouldCreateAndReturnWorkflowStep()",""
"passed","Sun Dec 29 23:34:23 GMT 2024","Sun Dec 29 23:34:23 GMT 2024","2","","de.lenneflow.workerservice.util.ValidatorTest","","de.lenneflow.workerservice.util.ValidatorTest","","validateNodeGroupDTO_shouldThrowExceptionWhenClusterUidIsInvalid()",""
"passed","Sun Dec 29 23:34:16 GMT 2024","Sun Dec 29 23:34:16 GMT 2024","9","","de.lenneflow.orchestrationservice.helpercomponents.InstanceControllerTest","","de.lenneflow.orchestrationservice.helpercomponents.InstanceControllerTest","","setEndTime_setsEndTimeForWorkflowInstance()",""
"passed","Sun Dec 29 23:34:23 GMT 2024","Sun Dec 29 23:34:23 GMT 2024","2","","de.lenneflow.workerservice.controller.WorkerControllerTest","","de.lenneflow.workerservice.controller.WorkerControllerTest","","getLocalApiToken_shouldReturnToken()",""
"passed","Sun Dec 29 23:34:16 GMT 2024","Sun Dec 29 23:34:16 GMT 2024","1","","de.lenneflow.workflowservice.repository.WorkflowStepRepositoryTest","","de.lenneflow.workflowservice.repository.WorkflowStepRepositoryTest","","findByNameAndWorkflowUid_shouldReturnNullWhenNotFound()",""
"passed","Sun Dec 29 23:34:16 GMT 2024","Sun Dec 29 23:34:16 GMT 2024","7","","de.lenneflow.orchestrationservice.feignclients.WorkflowServiceClientTest","","de.lenneflow.orchestrationservice.feignclients.WorkflowServiceClientTest","","getWorkflowStepById_shouldReturnWorkflowStep()",""
"passed","Sun Dec 29 23:34:23 GMT 2024","Sun Dec 29 23:34:23 GMT 2024","3","","de.lenneflow.workerservice.controller.WorkerControllerTest","","de.lenneflow.workerservice.controller.WorkerControllerTest","","updateWorker_shouldUpdateCluster()",""
"passed","Sun Dec 29 23:34:16 GMT 2024","Sun Dec 29 23:34:16 GMT 2024","17","","de.lenneflow.orchestrationservice.helpercomponents.InstanceControllerTest","","de.lenneflow.orchestrationservice.helpercomponents.InstanceControllerTest","","deleteLastWorkflowInstances_deletesOldWorkflowInstances()",""
"passed","Sun Dec 29 23:34:18 GMT 2024","Sun Dec 29 23:34:18 GMT 2024","5","","de.lenneflow.workerservice.component.CloudClusterControllerTest","","de.lenneflow.workerservice.component.CloudClusterControllerTest","","createCluster_shouldReturnHttpStatusOk()",""
"passed","Sun Dec 29 23:34:23 GMT 2024","Sun Dec 29 23:34:23 GMT 2024","1","","de.lenneflow.workerservice.util.ValidatorTest","","de.lenneflow.workerservice.util.ValidatorTest","","validateManagedClusterDTO_shouldThrowExceptionWhenClusterNameIsNull()",""
"passed","Sun Dec 29 23:34:16 GMT 2024","Sun Dec 29 23:34:16 GMT 2024","19","","de.lenneflow.orchestrationservice.helpercomponents.InstanceControllerTest","","de.lenneflow.orchestrationservice.helpercomponents.InstanceControllerTest","","setStartTime_setsStartTimeForWorkflowInstance()",""
"passed","Sun Dec 29 23:34:23 GMT 2024","Sun Dec 29 23:34:23 GMT 2024","1","","de.lenneflow.workerservice.repository.AccessTokenRepositoryTest","","de.lenneflow.workerservice.repository.AccessTokenRepositoryTest","","save_shouldPersistAccessToken()",""
"passed","Sun Dec 29 23:34:23 GMT 2024","Sun Dec 29 23:34:23 GMT 2024","2","","de.lenneflow.workerservice.controller.WorkerControllerTest","","de.lenneflow.workerservice.controller.WorkerControllerTest","","getWorker_shouldReturnCluster()",""
"passed","Sun Dec 29 23:34:09 GMT 2024","Sun Dec 29 23:34:09 GMT 2024","5","","de.lenneflow.orchestrationservice.controller.OrchestrationControllerTest","","de.lenneflow.orchestrationservice.controller.OrchestrationControllerTest","","stopWorkflow_shouldStopWorkflow()",""
"passed","Sun Dec 29 23:34:14 GMT 2024","Sun Dec 29 23:34:14 GMT 2024","4","","de.lenneflow.functionservice.util.ObjectMapperTest","","de.lenneflow.functionservice.util.ObjectMapperTest","","mapToJsonSchema_shouldHandleNullFields()",""
"passed","Sun Dec 29 23:34:13 GMT 2024","Sun Dec 29 23:34:13 GMT 2024","4","","de.lenneflow.workflowservice.controller.WorkflowStepControllerTest","","de.lenneflow.workflowservice.controller.WorkflowStepControllerTest","","getAllWorkflowStepsByWorkflowName_shouldReturnWorkflowSteps()",""
"passed","Sun Dec 29 23:34:23 GMT 2024","Sun Dec 29 23:34:23 GMT 2024","2","","de.lenneflow.workerservice.util.ValidatorTest","","de.lenneflow.workerservice.util.ValidatorTest","","validateUnmanagedClusterDTO_shouldThrowExceptionWhenCloudCredentialUidIsInvalid()",""
"passed","Sun Dec 29 23:34:08 GMT 2024","Sun Dec 29 23:34:13 GMT 2024","5027","","de.lenneflow.callbackservice.component.QueueControllerTest","","de.lenneflow.callbackservice.component.QueueControllerTest","","addFunctionDtoToResultQueue_shouldCreateQueueAndSendMessage()",""
"passed","Sun Dec 29 23:34:23 GMT 2024","Sun Dec 29 23:34:23 GMT 2024","1","","de.lenneflow.workerservice.repository.KubernetesClusterRepositoryTest","","de.lenneflow.workerservice.repository.KubernetesClusterRepositoryTest","","findByUid_shouldReturnNullWhenUidDoesNotExist()",""
"passed","Sun Dec 29 23:34:13 GMT 2024","Sun Dec 29 23:34:13 GMT 2024","5","","de.lenneflow.workflowservice.controller.WorkflowStepControllerTest","","de.lenneflow.workflowservice.controller.WorkflowStepControllerTest","","addSwitchWorkflowStep_shouldCreateAndReturnWorkflowStep()",""
"passed","Sun Dec 29 23:34:13 GMT 2024","Sun Dec 29 23:34:13 GMT 2024","18","","de.lenneflow.functionservice.feignclients.WorkerServiceClientTest","","de.lenneflow.functionservice.feignclients.WorkerServiceClientTest","","ping_shouldReturnPong()",""
"passed","Sun Dec 29 23:34:16 GMT 2024","Sun Dec 29 23:34:16 GMT 2024","17","","de.lenneflow.workflowservice.util.ValidatorTest","","de.lenneflow.workflowservice.util.ValidatorTest","","validateWorkflowStep_shouldThrowExceptionWhenSimpleStepHasNoFunctionUid()",""
"passed","Sun Dec 29 23:34:21 GMT 2024","Sun Dec 29 23:34:21 GMT 2024","1","","de.lenneflow.accountservice.util.ValidatorTest","","de.lenneflow.accountservice.util.ValidatorTest","","validateThrowsExceptionWhenEmailIsEmpty()",""
"passed","Sun Dec 29 23:34:16 GMT 2024","Sun Dec 29 23:34:16 GMT 2024","19","","de.lenneflow.orchestrationservice.helpercomponents.InstanceControllerTest","","de.lenneflow.orchestrationservice.helpercomponents.InstanceControllerTest","","generateWorkflowInstance_createsWorkflowInstanceAndStepInstances()",""
"passed","Sun Dec 29 23:34:15 GMT 2024","Sun Dec 29 23:34:15 GMT 2024","12","","de.lenneflow.callbackservice.util.UtilTest","","de.lenneflow.callbackservice.util.UtilTest","","serializeResultQueueElement_shouldSerializeValidResultQueueElement()",""
"passed","Sun Dec 29 23:34:13 GMT 2024","Sun Dec 29 23:34:13 GMT 2024","53","","de.lenneflow.functionservice.feignclients.WorkerServiceClientTest","","de.lenneflow.functionservice.feignclients.WorkerServiceClientTest","","getKubernetesClusterById_shouldReturnClusterWhenIdExists()",""
"passed","Sun Dec 29 23:34:16 GMT 2024","Sun Dec 29 23:34:16 GMT 2024","8","","de.lenneflow.workflowservice.util.ObjectMapperTest","","de.lenneflow.workflowservice.util.ObjectMapperTest","","mapToWorkflowStep_shouldMapWhileWorkflowStepWithNullFields()",""
"passed","Sun Dec 29 23:34:08 GMT 2024","Sun Dec 29 23:34:08 GMT 2024","40","","de.lenneflow.functionservice.controller.FunctionControllerTest","","de.lenneflow.functionservice.controller.FunctionControllerTest","","deleteFunction_shouldThrowExceptionWhenIdDoesNotExist()",""
"passed","Sun Dec 29 23:34:23 GMT 2024","Sun Dec 29 23:34:23 GMT 2024","1","","de.lenneflow.workerservice.repository.CloudCredentialRepositoryTest","","de.lenneflow.workerservice.repository.CloudCredentialRepositoryTest","","findByName_shouldReturnNullWhenNameDoesNotExist()",""
"passed","Sun Dec 29 23:34:18 GMT 2024","Sun Dec 29 23:34:18 GMT 2024","231","","de.lenneflow.orchestrationservice.utils.ExpressionEvaluatorTests","","de.lenneflow.orchestrationservice.utils.ExpressionEvaluatorTests","","evaluateDoubleExpression_withValidExpression_returnsDouble()",""
"passed","Sun Dec 29 23:34:23 GMT 2024","Sun Dec 29 23:34:23 GMT 2024","2","","de.lenneflow.workerservice.controller.WorkerControllerTest","","de.lenneflow.workerservice.controller.WorkerControllerTest","","getWorker_shouldThrowExceptionWhenClusterNotFound()",""
"passed","Sun Dec 29 23:34:18 GMT 2024","Sun Dec 29 23:34:18 GMT 2024","2","","de.lenneflow.workerservice.component.CloudClusterControllerTest","","de.lenneflow.workerservice.component.CloudClusterControllerTest","","getConnectionToken_shouldReturnNullWhenNotFound()",""
"passed","Sun Dec 29 23:34:18 GMT 2024","Sun Dec 29 23:34:18 GMT 2024","1","","de.lenneflow.orchestrationservice.repository.GlobalInputDataRepositoryTest","","de.lenneflow.orchestrationservice.repository.GlobalInputDataRepositoryTest","","findByUid_returnsNull_whenUidIsEmpty()",""
"passed","Sun Dec 29 23:34:23 GMT 2024","Sun Dec 29 23:34:23 GMT 2024","2","","de.lenneflow.workerservice.util.ValidatorTest","","de.lenneflow.workerservice.util.ValidatorTest","","validateThatManaged_shouldThrowExceptionWhenClusterIsNotManaged()",""
"passed","Sun Dec 29 23:34:13 GMT 2024","Sun Dec 29 23:34:13 GMT 2024","8","","de.lenneflow.functionservice.repository.FunctionRepositoryTest","","de.lenneflow.functionservice.repository.FunctionRepositoryTest","","findByUid_shouldReturnFunctionWhenUidExists()",""
"passed","Sun Dec 29 23:34:23 GMT 2024","Sun Dec 29 23:34:23 GMT 2024","1","","de.lenneflow.workerservice.util.ValidatorTest","","de.lenneflow.workerservice.util.ValidatorTest","","validateKubernetesCluster_shouldThrowExceptionWhenUidIsNull()",""
"passed","Sun Dec 29 23:34:16 GMT 2024","Sun Dec 29 23:34:16 GMT 2024","8","","de.lenneflow.workflowservice.repository.WorkflowRepositoryTest","","de.lenneflow.workflowservice.repository.WorkflowRepositoryTest","","findByStatusListenerEnabled_shouldReturnEmptyListWhenNoneFound()",""
"passed","Sun Dec 29 23:34:23 GMT 2024","Sun Dec 29 23:34:23 GMT 2024","53","","de.lenneflow.workerservice.controller.PingControllerTest","","de.lenneflow.workerservice.controller.PingControllerTest","","checkService_shouldReturnNotFoundForInvalidEndpoint()",""
"passed","Sun Dec 29 23:34:13 GMT 2024","Sun Dec 29 23:34:13 GMT 2024","18","","de.lenneflow.workflowservice.controller.WorkflowStepControllerTest","","de.lenneflow.workflowservice.controller.WorkflowStepControllerTest","","deleteWorkflowStep_shouldDeleteWorkflowStep()",""
"passed","Sun Dec 29 23:34:09 GMT 2024","Sun Dec 29 23:34:09 GMT 2024","5","","de.lenneflow.orchestrationservice.controller.OrchestrationControllerTest","","de.lenneflow.orchestrationservice.controller.OrchestrationControllerTest","","startWorkflowGet2_shouldStartWorkflow()",""
"passed","Sun Dec 29 23:34:23 GMT 2024","Sun Dec 29 23:34:23 GMT 2024","2","","de.lenneflow.workerservice.controller.WorkerControllerTest","","de.lenneflow.workerservice.controller.WorkerControllerTest","","createLocalApiToken_shouldCreateToken()",""
"passed","Sun Dec 29 23:34:13 GMT 2024","Sun Dec 29 23:34:13 GMT 2024","13","","de.lenneflow.functionservice.repository.FunctionRepositoryTest","","de.lenneflow.functionservice.repository.FunctionRepositoryTest","","findByType_shouldReturnEmptyListWhenTypeDoesNotExist()",""
"passed","Sun Dec 29 23:34:16 GMT 2024","Sun Dec 29 23:34:16 GMT 2024","1","","de.lenneflow.workflowservice.repository.WorkflowStepRepositoryTest","","de.lenneflow.workflowservice.repository.WorkflowStepRepositoryTest","","findByWorkflowName_shouldReturnEmptyListWhenNoneFound()",""
"passed","Sun Dec 29 23:34:23 GMT 2024","Sun Dec 29 23:34:23 GMT 2024","1","","de.lenneflow.workerservice.repository.CloudCredentialRepositoryTest","","de.lenneflow.workerservice.repository.CloudCredentialRepositoryTest","","findByUid_shouldReturnCloudCredentialWhenUidExists()",""
"passed","Sun Dec 29 23:34:13 GMT 2024","Sun Dec 29 23:34:13 GMT 2024","21","","de.lenneflow.workflowservice.controller.WorkflowStepControllerTest","","de.lenneflow.workflowservice.controller.WorkflowStepControllerTest","","addWhileWorkflowStep_shouldCreateAndReturnWorkflowStep()",""
"passed","Sun Dec 29 23:34:08 GMT 2024","Sun Dec 29 23:34:08 GMT 2024","41","","de.lenneflow.functionservice.controller.FunctionControllerTest","","de.lenneflow.functionservice.controller.FunctionControllerTest","","addFunction_shouldCreateAndReturnFunction()",""
"passed","Sun Dec 29 23:34:09 GMT 2024","Sun Dec 29 23:34:09 GMT 2024","13","","de.lenneflow.orchestrationservice.controller.OrchestrationControllerTest","","de.lenneflow.orchestrationservice.controller.OrchestrationControllerTest","","workflowRunState_shouldReturnCurrentExecutionState()",""
"passed","Sun Dec 29 23:34:16 GMT 2024","Sun Dec 29 23:34:16 GMT 2024","3","","de.lenneflow.workflowservice.util.ValidatorTest","","de.lenneflow.workflowservice.util.ValidatorTest","","validateWorkflowStep_shouldThrowExceptionWhenUidIsNull()",""
"passed","Sun Dec 29 23:34:14 GMT 2024","Sun Dec 29 23:34:14 GMT 2024","8","","de.lenneflow.functionservice.util.ValidatorTest","","de.lenneflow.functionservice.util.ValidatorTest","","validateFunctionDTO_shouldThrowExceptionWhenNameIsNotLowercase()",""
"passed","Sun Dec 29 23:34:09 GMT 2024","Sun Dec 29 23:34:09 GMT 2024","9","","de.lenneflow.orchestrationservice.controller.OrchestrationControllerTest","","de.lenneflow.orchestrationservice.controller.OrchestrationControllerTest","","updateGlobalInputData_shouldThrowExceptionWhenInputDataNotFound()",""
"passed","Sun Dec 29 23:34:16 GMT 2024","Sun Dec 29 23:34:16 GMT 2024","21","","de.lenneflow.orchestrationservice.helpercomponents.InstanceControllerTest","","de.lenneflow.orchestrationservice.helpercomponents.InstanceControllerTest","","updateRunStatus_updatesWorkflowInstanceStatus()",""
"passed","Sun Dec 29 23:34:23 GMT 2024","Sun Dec 29 23:34:23 GMT 2024","1","","de.lenneflow.workerservice.util.ValidatorTest","","de.lenneflow.workerservice.util.ValidatorTest","","validateThatUnmanaged_shouldThrowExceptionWhenClusterIsManaged()",""
"passed","Sun Dec 29 23:34:16 GMT 2024","Sun Dec 29 23:34:16 GMT 2024","0","","de.lenneflow.workflowservice.util.ObjectMapperTest","","de.lenneflow.workflowservice.util.ObjectMapperTest","","mapToWorkflow_shouldMapWorkflowDTOToWorkflow()",""
"passed","Sun Dec 29 23:34:16 GMT 2024","Sun Dec 29 23:34:16 GMT 2024","18","","de.lenneflow.orchestrationservice.feignclients.WorkflowServiceClientTest","","de.lenneflow.orchestrationservice.feignclients.WorkflowServiceClientTest","","getStepListByWorkflowName_shouldReturnStepList()",""
"passed","Sun Dec 29 23:34:14 GMT 2024","Sun Dec 29 23:34:14 GMT 2024","948","","de.lenneflow.functionservice.util.ValidatorTest","","de.lenneflow.functionservice.util.ValidatorTest","","validateJsonSchema_shouldThrowExceptionWhenSchemaIsInvalid()",""
"passed","Sun Dec 29 23:34:18 GMT 2024","Sun Dec 29 23:34:18 GMT 2024","9","","de.lenneflow.workerservice.component.CloudClusterControllerTest","","de.lenneflow.workerservice.component.CloudClusterControllerTest","","deleteCluster_shouldReturnHttpStatusNotFound()",""
"passed","Sun Dec 29 23:34:14 GMT 2024","Sun Dec 29 23:34:14 GMT 2024","3","","de.lenneflow.functionservice.util.ValidatorTest","","de.lenneflow.functionservice.util.ValidatorTest","","validateFunction_shouldThrowExceptionWhenInputSchemaIsNull()",""
"passed","Sun Dec 29 23:34:15 GMT 2024","Sun Dec 29 23:34:15 GMT 2024","14","","de.lenneflow.functionservice.util.YamlEditorTest","","de.lenneflow.functionservice.util.YamlEditorTest","","createKubernetesClusterRoleResource_shouldCreateClusterRoleWithCorrectValues()",""
"passed","Sun Dec 29 23:34:18 GMT 2024","Sun Dec 29 23:34:18 GMT 2024","1","","de.lenneflow.orchestrationservice.utils.ObjectMapperTest","","de.lenneflow.orchestrationservice.utils.ObjectMapperTest","","mapFunctionQueueElement_returnsCorrectQueueElement()",""
"passed","Sun Dec 29 23:34:16 GMT 2024","Sun Dec 29 23:34:16 GMT 2024","10","","de.lenneflow.workflowservice.repository.WorkflowRepositoryTest","","de.lenneflow.workflowservice.repository.WorkflowRepositoryTest","","findByName_shouldReturnNullWhenNotFound()",""
"passed","Sun Dec 29 23:34:15 GMT 2024","Sun Dec 29 23:34:15 GMT 2024","20","","de.lenneflow.callbackservice.util.UtilTest","","de.lenneflow.callbackservice.util.UtilTest","","deserializeFunction_shouldDeserializeValidSerializedResultQueueElement()",""
"passed","Sun Dec 29 23:34:18 GMT 2024","Sun Dec 29 23:34:18 GMT 2024","1","","de.lenneflow.orchestrationservice.utils.UtilTest","","de.lenneflow.orchestrationservice.utils.UtilTest","","deserializeResultQueueElement_throwsIOExceptionForInvalidData()",""
"passed","Sun Dec 29 23:34:18 GMT 2024","Sun Dec 29 23:34:18 GMT 2024","4","","de.lenneflow.orchestrationservice.helpercomponents.WorkflowRunnerTest","","de.lenneflow.orchestrationservice.helpercomponents.WorkflowRunnerTest","","startWorkflow_shouldStartWorkflow()",""
"passed","Sun Dec 29 23:34:23 GMT 2024","Sun Dec 29 23:34:23 GMT 2024","4","","de.lenneflow.workerservice.controller.WorkerControllerTest","","de.lenneflow.workerservice.controller.WorkerControllerTest","","registerLocalKubernetesCluster_shouldRegisterCluster()",""
"passed","Sun Dec 29 23:34:21 GMT 2024","Sun Dec 29 23:34:21 GMT 2024","1","","de.lenneflow.accountservice.repository.UserRepositoryTest","","de.lenneflow.accountservice.repository.UserRepositoryTest","","findByUsername_returnsUser_whenUsernameExists()",""
"passed","Sun Dec 29 23:34:08 GMT 2024","Sun Dec 29 23:34:08 GMT 2024","11","","de.lenneflow.functionservice.controller.FunctionControllerTest","","de.lenneflow.functionservice.controller.FunctionControllerTest","","getJsonSchemaList_shouldReturnListOfJsonSchemas()",""
"passed","Sun Dec 29 23:34:23 GMT 2024","Sun Dec 29 23:34:23 GMT 2024","1","","de.lenneflow.workerservice.repository.CloudCredentialRepositoryTest","","de.lenneflow.workerservice.repository.CloudCredentialRepositoryTest","","findById_shouldReturnCloudCredentialWhenIdExists()",""
"passed","Sun Dec 29 23:34:13 GMT 2024","Sun Dec 29 23:34:13 GMT 2024","8","","de.lenneflow.functionservice.controller.PingControllerTest","","de.lenneflow.functionservice.controller.PingControllerTest","","checkService_shouldReturnWelcomeMessage()",""
"passed","Sun Dec 29 23:34:13 GMT 2024","Sun Dec 29 23:34:13 GMT 2024","58","","de.lenneflow.workflowservice.controller.WorkflowStepControllerTest","","de.lenneflow.workflowservice.controller.WorkflowStepControllerTest","","addSubWorkflowStep_shouldThrowExceptionWhenValidationFails()",""
"passed","Sun Dec 29 23:34:16 GMT 2024","Sun Dec 29 23:34:16 GMT 2024","4","","de.lenneflow.workflowservice.util.ValidatorTest","","de.lenneflow.workflowservice.util.ValidatorTest","","validateWorkflowStep_shouldThrowExceptionWhenSwitchStepHasNoDecisionCases()",""
"passed","Sun Dec 29 23:34:16 GMT 2024","Sun Dec 29 23:34:16 GMT 2024","1","","de.lenneflow.workflowservice.repository.WorkflowStepRepositoryTest","","de.lenneflow.workflowservice.repository.WorkflowStepRepositoryTest","","findByUid_shouldReturnNullWhenNotFound()",""
"passed","Sun Dec 29 23:34:16 GMT 2024","Sun Dec 29 23:34:16 GMT 2024","0","","de.lenneflow.workflowservice.util.ObjectMapperTest","","de.lenneflow.workflowservice.util.ObjectMapperTest","","mapToWorkflowStep_shouldMapWhileWorkflowStepToWorkflowStep()",""
"passed","Sun Dec 29 23:34:16 GMT 2024","Sun Dec 29 23:34:16 GMT 2024","3","","de.lenneflow.workflowservice.util.ValidatorTest","","de.lenneflow.workflowservice.util.ValidatorTest","","validateWorkflow_shouldThrowExceptionWhenNameIsEmpty()",""
"passed","Sun Dec 29 23:34:16 GMT 2024","Sun Dec 29 23:34:16 GMT 2024","1","","de.lenneflow.workflowservice.util.ObjectMapperTest","","de.lenneflow.workflowservice.util.ObjectMapperTest","","mapToWorkflowStep_shouldMapSwitchWorkflowStepWithNullFields()",""
"passed","Sun Dec 29 23:34:19 GMT 2024","Sun Dec 29 23:34:19 GMT 2024","1","","de.lenneflow.orchestrationservice.utils.ValidatorTest","","de.lenneflow.orchestrationservice.utils.ValidatorTest","","validate_nullInputData_throwsPayloadNotValidException()",""
"passed","Sun Dec 29 23:34:09 GMT 2024","Sun Dec 29 23:34:09 GMT 2024","6","","de.lenneflow.orchestrationservice.controller.OrchestrationControllerTest","","de.lenneflow.orchestrationservice.controller.OrchestrationControllerTest","","resumeWorkflow_shouldResumeWorkflow()",""
"passed","Sun Dec 29 23:34:14 GMT 2024","Sun Dec 29 23:34:14 GMT 2024","3","","de.lenneflow.workflowservice.repository.JsonSchemaRepositoryTest","","de.lenneflow.workflowservice.repository.JsonSchemaRepositoryTest","","save_shouldSaveAndReturnJsonSchema()",""
"passed","Sun Dec 29 23:34:09 GMT 2024","Sun Dec 29 23:34:09 GMT 2024","14","","de.lenneflow.orchestrationservice.controller.OrchestrationControllerTest","","de.lenneflow.orchestrationservice.controller.OrchestrationControllerTest","","updateGlobalInputData_shouldUpdateGlobalInputData()",""
"passed","Sun Dec 29 23:34:18 GMT 2024","Sun Dec 29 23:34:18 GMT 2024","0","","de.lenneflow.orchestrationservice.utils.ObjectMapperTest","","de.lenneflow.orchestrationservice.utils.ObjectMapperTest","","mapToWorkflowInstance_returnsCorrectWorkflowInstance()",""
"passed","Sun Dec 29 23:34:16 GMT 2024","Sun Dec 29 23:34:16 GMT 2024","5","","de.lenneflow.workflowservice.repository.WorkflowRepositoryTest","","de.lenneflow.workflowservice.repository.WorkflowRepositoryTest","","findByUid_shouldReturnNullWhenNotFound()",""
"passed","Sun Dec 29 23:34:13 GMT 2024","Sun Dec 29 23:34:13 GMT 2024","7","","de.lenneflow.workflowservice.controller.WorkflowStepControllerTest","","de.lenneflow.workflowservice.controller.WorkflowStepControllerTest","","addSwitchWorkflowStep_shouldThrowExceptionWhenValidationFails()",""
"passed","Sun Dec 29 23:34:13 GMT 2024","Sun Dec 29 23:34:13 GMT 2024","15","","de.lenneflow.functionservice.controller.PingControllerTest","","de.lenneflow.functionservice.controller.PingControllerTest","","checkFeignService_shouldReturnFeignClientResponse()",""
"passed","Sun Dec 29 23:34:08 GMT 2024","Sun Dec 29 23:34:08 GMT 2024","17","","de.lenneflow.functionservice.controller.FunctionControllerTest","","de.lenneflow.functionservice.controller.FunctionControllerTest","","deleteJsonSchema_shouldDeleteJsonSchemaWhenIdExists()",""
"passed","Sun Dec 29 23:34:13 GMT 2024","Sun Dec 29 23:34:15 GMT 2024","2793","","de.lenneflow.callbackservice.controller.CallBackControllerTest","","de.lenneflow.callbackservice.controller.CallBackControllerTest","","workerCallBack_shouldHandleNullPayload()",""
"passed","Sun Dec 29 23:34:23 GMT 2024","Sun Dec 29 23:34:23 GMT 2024","2","","de.lenneflow.workerservice.controller.WorkerControllerTest","","de.lenneflow.workerservice.controller.WorkerControllerTest","","getLocalApiTokenList_shouldReturnTokenList()",""
"passed","Sun Dec 29 23:34:13 GMT 2024","Sun Dec 29 23:34:13 GMT 2024","4","","de.lenneflow.workflowservice.controller.WorkflowStepControllerTest","","de.lenneflow.workflowservice.controller.WorkflowStepControllerTest","","getAllWorkflowSteps_shouldReturnAllWorkflowSteps()",""
"passed","Sun Dec 29 23:34:23 GMT 2024","Sun Dec 29 23:34:23 GMT 2024","3","","de.lenneflow.workerservice.controller.WorkerControllerTest","","de.lenneflow.workerservice.controller.WorkerControllerTest","","updateNodeGroup_shouldThrowExceptionWhenClusterNotFound()",""
"passed","Sun Dec 29 23:34:08 GMT 2024","Sun Dec 29 23:34:08 GMT 2024","11","","de.lenneflow.functionservice.controller.FunctionControllerTest","","de.lenneflow.functionservice.controller.FunctionControllerTest","","updateFunction_shouldThrowExceptionWhenFunctionIsDeploying()",""
"passed","Sun Dec 29 23:34:21 GMT 2024","Sun Dec 29 23:34:21 GMT 2024","1","","de.lenneflow.accountservice.util.ObjectMapperTest","","de.lenneflow.accountservice.util.ObjectMapperTest","","mapToUser_returnsUserWithNullFields_whenUserDtoFieldsAreNull()",""
"passed","Sun Dec 29 23:34:13 GMT 2024","Sun Dec 29 23:34:13 GMT 2024","3","","de.lenneflow.functionservice.repository.FunctionRepositoryTest","","de.lenneflow.functionservice.repository.FunctionRepositoryTest","","findByType_shouldReturnListOfFunctionsWhenTypeExists()",""
"passed","Sun Dec 29 23:34:23 GMT 2024","Sun Dec 29 23:34:23 GMT 2024","0","","de.lenneflow.workerservice.util.ObjectMapperTest","","de.lenneflow.workerservice.util.ObjectMapperTest","","mapToCloudCredential_shouldMapCloudCredentialDTOToCloudCredential()",""
"passed","Sun Dec 29 23:34:21 GMT 2024","Sun Dec 29 23:34:21 GMT 2024","2","","de.lenneflow.accountservice.repository.UserRepositoryTest","","de.lenneflow.accountservice.repository.UserRepositoryTest","","findByUsername_returnsNull_whenUsernameDoesNotExist()",""
"passed","Sun Dec 29 23:34:21 GMT 2024","Sun Dec 29 23:34:21 GMT 2024","2","","de.lenneflow.accountservice.repository.UserRepositoryTest","","de.lenneflow.accountservice.repository.UserRepositoryTest","","findByUid_returnsUser_whenUidExists()",""
"passed","Sun Dec 29 23:34:16 GMT 2024","Sun Dec 29 23:34:16 GMT 2024","1","","de.lenneflow.callbackservice.util.ValidatorTest","","de.lenneflow.callbackservice.util.ValidatorTest","","validate_shouldThrowExceptionWhenRunStatusIsNull()",""
"passed","Sun Dec 29 23:34:09 GMT 2024","Sun Dec 29 23:34:09 GMT 2024","41","","de.lenneflow.orchestrationservice.controller.OrchestrationControllerTest","","de.lenneflow.orchestrationservice.controller.OrchestrationControllerTest","","getGlobalInputData_shouldThrowExceptionWhenInputDataNotFound()",""
"passed","Sun Dec 29 23:34:13 GMT 2024","Sun Dec 29 23:34:13 GMT 2024","21","","de.lenneflow.workflowservice.controller.WorkflowStepControllerTest","","de.lenneflow.workflowservice.controller.WorkflowStepControllerTest","","updateWhileWorkflowStep_shouldUpdateAndReturnWorkflowStep()",""
"passed","Sun Dec 29 23:34:23 GMT 2024","Sun Dec 29 23:34:23 GMT 2024","5","","de.lenneflow.workerservice.controller.WorkerControllerTest","","de.lenneflow.workerservice.controller.WorkerControllerTest","","createManagedKubernetesCluster_shouldCreateCluster()",""
"passed","Sun Dec 29 23:34:18 GMT 2024","Sun Dec 29 23:34:18 GMT 2024","17","","de.lenneflow.workerservice.component.CloudClusterControllerTest","","de.lenneflow.workerservice.component.CloudClusterControllerTest","","createCluster_shouldReturnHttpStatusInternalServerError()",""
"passed","Sun Dec 29 23:34:18 GMT 2024","Sun Dec 29 23:34:18 GMT 2024","18","","de.lenneflow.orchestrationservice.utils.UtilTest","","de.lenneflow.orchestrationservice.utils.UtilTest","","serializeRunNotification_returnsByteArray()",""
"passed","Sun Dec 29 23:34:18 GMT 2024","Sun Dec 29 23:34:18 GMT 2024","1","","de.lenneflow.orchestrationservice.repository.WorkflowStepInstanceRepositoryTest","","de.lenneflow.orchestrationservice.repository.WorkflowStepInstanceRepositoryTest","","findByNameAndWorkflowInstanceUid_returnsNull_whenNameAndWorkflowInstanceUidDoNotExist()",""
"passed","Sun Dec 29 23:34:08 GMT 2024","Sun Dec 29 23:34:08 GMT 2024","19","","de.lenneflow.workflowservice.controller.WorkflowControllerTest","","de.lenneflow.workflowservice.controller.WorkflowControllerTest","","getAllWorkflows_shouldReturnWorkflowList()",""
"passed","Sun Dec 29 23:34:16 GMT 2024","Sun Dec 29 23:34:16 GMT 2024","1","","de.lenneflow.workflowservice.util.ObjectMapperTest","","de.lenneflow.workflowservice.util.ObjectMapperTest","","mapToWorkflowStep_shouldMapSubWorkflowStepToWorkflowStep()",""
"passed","Sun Dec 29 23:34:23 GMT 2024","Sun Dec 29 23:34:23 GMT 2024","2","","de.lenneflow.workerservice.util.ValidatorTest","","de.lenneflow.workerservice.util.ValidatorTest","","validateKubernetesCluster_shouldThrowExceptionWhenClusterExists()",""
"passed","Sun Dec 29 23:34:23 GMT 2024","Sun Dec 29 23:34:23 GMT 2024","2","","de.lenneflow.workerservice.controller.WorkerControllerTest","","de.lenneflow.workerservice.controller.WorkerControllerTest","","deleteWorker_shouldDeleteCluster()",""
"passed","Sun Dec 29 23:34:18 GMT 2024","Sun Dec 29 23:34:18 GMT 2024","1","","de.lenneflow.orchestrationservice.repository.GlobalInputDataRepositoryTest","","de.lenneflow.orchestrationservice.repository.GlobalInputDataRepositoryTest","","findByUid_returnsNull_whenUidIsNull()",""
"passed","Sun Dec 29 23:34:21 GMT 2024","Sun Dec 29 23:34:21 GMT 2024","7","","de.lenneflow.accountservice.util.ValidatorTest","","de.lenneflow.accountservice.util.ValidatorTest","","validateThrowsExceptionWhenUserAlreadyExistsByUsername()",""
"passed","Sun Dec 29 23:34:23 GMT 2024","Sun Dec 29 23:34:23 GMT 2024","1","","de.lenneflow.workerservice.repository.CloudCredentialRepositoryTest","","de.lenneflow.workerservice.repository.CloudCredentialRepositoryTest","","save_shouldPersistCloudCredential()",""
"passed","Sun Dec 29 23:34:13 GMT 2024","Sun Dec 29 23:34:13 GMT 2024","43","","de.lenneflow.workflowservice.controller.WorkflowStepControllerTest","","de.lenneflow.workflowservice.controller.WorkflowStepControllerTest","","getStep_shouldReturnWorkflowStep()",""
"passed","Sun Dec 29 23:34:13 GMT 2024","Sun Dec 29 23:34:13 GMT 2024","11","","de.lenneflow.functionservice.feignclients.WorkerServiceClientTest","","de.lenneflow.functionservice.feignclients.WorkerServiceClientTest","","getKubernetesClusterList_shouldReturnListOfClusters()",""
"passed","Sun Dec 29 23:34:21 GMT 2024","Sun Dec 29 23:34:21 GMT 2024","2","","de.lenneflow.accountservice.repository.UserRepositoryTest","","de.lenneflow.accountservice.repository.UserRepositoryTest","","findByEmail_returnsUser_whenEmailExists()",""
"passed","Sun Dec 29 23:34:14 GMT 2024","Sun Dec 29 23:34:14 GMT 2024","12","","de.lenneflow.functionservice.util.ObjectMapperTest","","de.lenneflow.functionservice.util.ObjectMapperTest","","mapToJsonSchema_shouldMapAllFieldsCorrectly()",""
"passed","Sun Dec 29 23:34:18 GMT 2024","Sun Dec 29 23:34:18 GMT 2024","116","","de.lenneflow.orchestrationservice.utils.UtilTest","","de.lenneflow.orchestrationservice.utils.UtilTest","","deserializeQueueElement_returnsQueueElement()",""
"passed","Sun Dec 29 23:34:23 GMT 2024","Sun Dec 29 23:34:23 GMT 2024","1","","de.lenneflow.workerservice.repository.CloudCredentialRepositoryTest","","de.lenneflow.workerservice.repository.CloudCredentialRepositoryTest","","findById_shouldReturnEmptyWhenIdDoesNotExist()",""
"passed","Sun Dec 29 23:34:18 GMT 2024","Sun Dec 29 23:34:18 GMT 2024","2","","de.lenneflow.workerservice.component.CloudClusterControllerTest","","de.lenneflow.workerservice.component.CloudClusterControllerTest","","updateNodeGroup_shouldReturnHttpStatusOk()",""
"passed","Sun Dec 29 23:34:21 GMT 2024","Sun Dec 29 23:34:21 GMT 2024","7","","de.lenneflow.accountservice.repository.UserRepositoryTest","","de.lenneflow.accountservice.repository.UserRepositoryTest","","findByUid_returnsNull_whenUidDoesNotExist()",""
"passed","Sun Dec 29 23:34:15 GMT 2024","Sun Dec 29 23:34:15 GMT 2024","3","","de.lenneflow.orchestrationservice.feignclients.FunctionServiceClientTest","","de.lenneflow.orchestrationservice.feignclients.FunctionServiceClientTest","","getAllFunctions_shouldReturnFunctionList()",""
"passed","Sun Dec 29 23:34:18 GMT 2024","Sun Dec 29 23:34:18 GMT 2024","15","","de.lenneflow.orchestrationservice.utils.UtilTest","","de.lenneflow.orchestrationservice.utils.UtilTest","","deserializeResultQueueElement_returnsResultQueueElement()",""
"passed","Sun Dec 29 23:34:23 GMT 2024","Sun Dec 29 23:34:23 GMT 2024","2","","de.lenneflow.workerservice.repository.AccessTokenRepositoryTest","","de.lenneflow.workerservice.repository.AccessTokenRepositoryTest","","findById_shouldReturnAccessTokenWhenIdExists()",""
"passed","Sun Dec 29 23:34:18 GMT 2024","Sun Dec 29 23:34:18 GMT 2024","13","","de.lenneflow.orchestrationservice.helpercomponents.WorkflowRunnerTest","","de.lenneflow.orchestrationservice.helpercomponents.WorkflowRunnerTest","","processFunctionDtoFromQueue_shouldHandleFailedRequest()",""
"passed","Sun Dec 29 23:34:08 GMT 2024","Sun Dec 29 23:34:08 GMT 2024","38","","de.lenneflow.workflowservice.controller.WorkflowControllerTest","","de.lenneflow.workflowservice.controller.WorkflowControllerTest","","addNewWorkflow_shouldThrowExceptionWhenValidationFails()",""
"passed","Sun Dec 29 23:34:15 GMT 2024","Sun Dec 29 23:34:15 GMT 2024","64","","de.lenneflow.functionservice.util.YamlEditorTest","","de.lenneflow.functionservice.util.YamlEditorTest","","createKubernetesIngressResource_shouldCreateIngressWithCorrectValues()",""
"passed","Sun Dec 29 23:34:15 GMT 2024","Sun Dec 29 23:34:15 GMT 2024","4","","de.lenneflow.orchestrationservice.controller.PingControllerTest","","de.lenneflow.orchestrationservice.controller.PingControllerTest","","checkFeign_shouldHandleEmptyResponse()",""
"passed","Sun Dec 29 23:34:18 GMT 2024","Sun Dec 29 23:34:18 GMT 2024","102","","de.lenneflow.orchestrationservice.utils.UtilTest","","de.lenneflow.orchestrationservice.utils.UtilTest","","pause_doesNotThrowException()",""
"passed","Sun Dec 29 23:34:21 GMT 2024","Sun Dec 29 23:34:21 GMT 2024","4","","de.lenneflow.accountservice.repository.UserRepositoryTest","","de.lenneflow.accountservice.repository.UserRepositoryTest","","findByEmail_returnsNull_whenEmailDoesNotExist()",""
"passed","Sun Dec 29 23:34:14 GMT 2024","Sun Dec 29 23:34:14 GMT 2024","6","","de.lenneflow.functionservice.util.ValidatorTest","","de.lenneflow.functionservice.util.ValidatorTest","","validateFunctionDTO_shouldThrowExceptionWhenImageNameIsNull()",""
"passed","Sun Dec 29 23:34:14 GMT 2024","Sun Dec 29 23:34:14 GMT 2024","3","","de.lenneflow.functionservice.util.ValidatorTest","","de.lenneflow.functionservice.util.ValidatorTest","","validateFunction_shouldThrowExceptionWhenOutputSchemaIsNull()",""
"passed","Sun Dec 29 23:34:16 GMT 2024","Sun Dec 29 23:34:16 GMT 2024","2","","de.lenneflow.workflowservice.repository.WorkflowStepRepositoryTest","","de.lenneflow.workflowservice.repository.WorkflowStepRepositoryTest","","findByUid_shouldReturnWorkflowStep()",""
"passed","Sun Dec 29 23:34:14 GMT 2024","Sun Dec 29 23:34:14 GMT 2024","3","","de.lenneflow.functionservice.repository.JsonSchemaRepositoryTest","","de.lenneflow.functionservice.repository.JsonSchemaRepositoryTest","","findByUid_shouldReturnNullWhenUidDoesNotExist()",""
"passed","Sun Dec 29 23:34:18 GMT 2024","Sun Dec 29 23:34:18 GMT 2024","32","","de.lenneflow.orchestrationservice.helpercomponents.WorkflowRunnerTest","","de.lenneflow.orchestrationservice.helpercomponents.WorkflowRunnerTest","","processResultFromQueue_shouldProcessResult()",""
"passed","Sun Dec 29 23:34:23 GMT 2024","Sun Dec 29 23:34:23 GMT 2024","1","","de.lenneflow.workerservice.repository.KubernetesClusterRepositoryTest","","de.lenneflow.workerservice.repository.KubernetesClusterRepositoryTest","","findByClusterNameAndCloudProviderAndRegion_shouldReturnKubernetesClusterWhenExists()",""
"passed","Sun Dec 29 23:34:23 GMT 2024","Sun Dec 29 23:34:23 GMT 2024","321","","de.lenneflow.workerservice.controller.WorkerControllerTest","","de.lenneflow.workerservice.controller.WorkerControllerTest","","createManagedKubernetesCluster_shouldThrowExceptionWhenClusterCreationFails()",""
"passed","Sun Dec 29 23:34:16 GMT 2024","Sun Dec 29 23:34:16 GMT 2024","921","","de.lenneflow.workflowservice.util.ValidatorTest","","de.lenneflow.workflowservice.util.ValidatorTest","","validateJsonSchema_shouldThrowExceptionWhenSchemaIsInvalid()",""
"passed","Sun Dec 29 23:34:08 GMT 2024","Sun Dec 29 23:34:08 GMT 2024","19","","de.lenneflow.functionservice.controller.FunctionControllerTest","","de.lenneflow.functionservice.controller.FunctionControllerTest","","unDeployFunction_shouldUndeployFunctionWhenIdExists()",""
"passed","Sun Dec 29 23:34:16 GMT 2024","Sun Dec 29 23:34:16 GMT 2024","6","","de.lenneflow.orchestrationservice.helpercomponents.InstanceControllerTest","","de.lenneflow.orchestrationservice.helpercomponents.InstanceControllerTest","","updateRunStatus_updatesWorkflowStepInstanceStatus()",""
"passed","Sun Dec 29 23:34:08 GMT 2024","Sun Dec 29 23:34:08 GMT 2024","7","","de.lenneflow.functionservice.controller.FunctionControllerTest","","de.lenneflow.functionservice.controller.FunctionControllerTest","","checkConnection_shouldThrowExceptionWhenClusterDoesNotExist()",""
"passed","Sun Dec 29 23:34:18 GMT 2024","Sun Dec 29 23:34:18 GMT 2024","12","","de.lenneflow.orchestrationservice.utils.UtilTest","","de.lenneflow.orchestrationservice.utils.UtilTest","","serializeQueueElement_returnsByteArray()",""
"passed","Sun Dec 29 23:34:17 GMT 2024","Sun Dec 29 23:34:17 GMT 2024","33","","de.lenneflow.orchestrationservice.helpercomponents.QueueListenerTest","","de.lenneflow.orchestrationservice.helpercomponents.QueueListenerTest","","queueListener_processesQueueElement()",""
"passed","Sun Dec 29 23:34:18 GMT 2024","Sun Dec 29 23:34:18 GMT 2024","6","","de.lenneflow.orchestrationservice.helpercomponents.WorkflowRunnerTest","","de.lenneflow.orchestrationservice.helpercomponents.WorkflowRunnerTest","","processResultFromQueue_shouldTerminateWorkflowRun()",""
"passed","Sun Dec 29 23:34:16 GMT 2024","Sun Dec 29 23:34:16 GMT 2024","10","","de.lenneflow.orchestrationservice.feignclients.WorkflowServiceClientTest","","de.lenneflow.orchestrationservice.feignclients.WorkflowServiceClientTest","","getWorkflowByName_shouldReturnWorkflow()",""
"passed","Sun Dec 29 23:34:18 GMT 2024","Sun Dec 29 23:34:18 GMT 2024","1","","de.lenneflow.orchestrationservice.repository.GlobalInputDataRepositoryTest","","de.lenneflow.orchestrationservice.repository.GlobalInputDataRepositoryTest","","findByUid_returnsGlobalInputData_whenUidExists()",""
"passed","Sun Dec 29 23:34:23 GMT 2024","Sun Dec 29 23:34:23 GMT 2024","2","","de.lenneflow.workerservice.util.ValidatorTest","","de.lenneflow.workerservice.util.ValidatorTest","","validateNodeGroupDTO_shouldThrowExceptionWhenDesiredNodeCountIsLessThanOne()",""
"passed","Sun Dec 29 23:34:08 GMT 2024","Sun Dec 29 23:34:08 GMT 2024","25","","de.lenneflow.workflowservice.controller.WorkflowControllerTest","","de.lenneflow.workflowservice.controller.WorkflowControllerTest","","getWorkflow_shouldReturnWorkflow()",""
"passed","Sun Dec 29 23:34:16 GMT 2024","Sun Dec 29 23:34:16 GMT 2024","2","","de.lenneflow.workflowservice.util.ObjectMapperTest","","de.lenneflow.workflowservice.util.ObjectMapperTest","","mapToJsonSchema_shouldMapJsonSchemaDTOToJsonSchema()",""
"passed","Sun Dec 29 23:34:18 GMT 2024","Sun Dec 29 23:34:18 GMT 2024","9","","de.lenneflow.workerservice.component.CloudClusterControllerTest","","de.lenneflow.workerservice.component.CloudClusterControllerTest","","deleteCluster_shouldReturnHttpStatusOk()",""
"passed","Sun Dec 29 23:34:16 GMT 2024","Sun Dec 29 23:34:16 GMT 2024","1","","de.lenneflow.workflowservice.util.ObjectMapperTest","","de.lenneflow.workflowservice.util.ObjectMapperTest","","mapToJsonSchema_shouldHandleNullJsonSchemaDTO()",""
"passed","Sun Dec 29 23:34:18 GMT 2024","Sun Dec 29 23:34:18 GMT 2024","2","","de.lenneflow.orchestrationservice.utils.ExpressionEvaluatorTests","","de.lenneflow.orchestrationservice.utils.ExpressionEvaluatorTests","","evaluateStringExpression_withValidExpression_returnsString()",""
"passed","Sun Dec 29 23:34:16 GMT 2024","Sun Dec 29 23:34:16 GMT 2024","6","","de.lenneflow.callbackservice.util.ValidatorTest","","de.lenneflow.callbackservice.util.ValidatorTest","","validate_shouldPassWhenPayloadIsValid()",""
"passed","Sun Dec 29 23:34:23 GMT 2024","Sun Dec 29 23:34:23 GMT 2024","26","","de.lenneflow.workerservice.util.UtilTest","","de.lenneflow.workerservice.util.UtilTest","","executeSSHCommand_shouldThrowExceptionForInvalidHost()",""
"passed","Sun Dec 29 23:34:23 GMT 2024","Sun Dec 29 23:34:23 GMT 2024","1","","de.lenneflow.workerservice.repository.KubernetesClusterRepositoryTest","","de.lenneflow.workerservice.repository.KubernetesClusterRepositoryTest","","findBySupportedFunctionTypesContaining_shouldReturnKubernetesClustersWhenFunctionTypeExists()",""
"passed","Sun Dec 29 23:34:18 GMT 2024","Sun Dec 29 23:34:18 GMT 2024","1","","de.lenneflow.orchestrationservice.repository.WorkflowInstanceRepositoryTest","","de.lenneflow.orchestrationservice.repository.WorkflowInstanceRepositoryTest","","findByUid_returnsNull_whenUidIsNull()",""
"passed","Sun Dec 29 23:34:08 GMT 2024","Sun Dec 29 23:34:08 GMT 2024","22","","de.lenneflow.functionservice.controller.FunctionControllerTest","","de.lenneflow.functionservice.controller.FunctionControllerTest","","getAllFunctions_shouldReturnListOfFunctions()",""
"passed","Sun Dec 29 23:34:23 GMT 2024","Sun Dec 29 23:34:23 GMT 2024","3","","de.lenneflow.workerservice.controller.WorkerControllerTest","","de.lenneflow.workerservice.controller.WorkerControllerTest","","updateNodeGroup_shouldUpdateNodeGroup()",""
"passed","Sun Dec 29 23:34:16 GMT 2024","Sun Dec 29 23:34:16 GMT 2024","6","","de.lenneflow.workflowservice.util.ValidatorTest","","de.lenneflow.workflowservice.util.ValidatorTest","","validateWorkflowStep_shouldThrowExceptionWhenNameIsNull()",""
"passed","Sun Dec 29 23:34:16 GMT 2024","Sun Dec 29 23:34:16 GMT 2024","3","","de.lenneflow.workflowservice.util.ObjectMapperTest","","de.lenneflow.workflowservice.util.ObjectMapperTest","","mapToWorkflowStep_shouldMapSwitchWorkflowStepToWorkflowStep()",""
"passed","Sun Dec 29 23:34:08 GMT 2024","Sun Dec 29 23:34:08 GMT 2024","5","","de.lenneflow.functionservice.controller.FunctionControllerTest","","de.lenneflow.functionservice.controller.FunctionControllerTest","","getFunctionByName_shouldReturnFunctionWhenNameExists()",""
"passed","Sun Dec 29 23:34:16 GMT 2024","Sun Dec 29 23:34:16 GMT 2024","5","","de.lenneflow.workflowservice.util.ValidatorTest","","de.lenneflow.workflowservice.util.ValidatorTest","","validateWorkflowStep_shouldThrowExceptionWhenSubWorkflowStepHasNoSubWorkflowUid()",""
"passed","Sun Dec 29 23:34:16 GMT 2024","Sun Dec 29 23:34:16 GMT 2024","14","","de.lenneflow.workflowservice.util.ValidatorTest","","de.lenneflow.workflowservice.util.ValidatorTest","","validateWorkflowStep_shouldThrowExceptionWhenDoWhileStepHasNoFunctionUid()",""
"passed","Sun Dec 29 23:34:15 GMT 2024","Sun Dec 29 23:34:15 GMT 2024","13","","de.lenneflow.functionservice.util.YamlEditorTest","","de.lenneflow.functionservice.util.YamlEditorTest","","createKubernetesClusterRoleBindingResource_shouldCreateClusterRoleBindingWithCorrectValues()",""
"passed","Sun Dec 29 23:34:13 GMT 2024","Sun Dec 29 23:34:13 GMT 2024","38","","de.lenneflow.workflowservice.controller.WorkflowStepControllerTest","","de.lenneflow.workflowservice.controller.WorkflowStepControllerTest","","addSimpleWorkflowStep_shouldThrowExceptionWhenValidationFails()",""
"passed","Sun Dec 29 23:34:18 GMT 2024","Sun Dec 29 23:34:18 GMT 2024","10","","de.lenneflow.orchestrationservice.utils.ExpressionEvaluatorTests","","de.lenneflow.orchestrationservice.utils.ExpressionEvaluatorTests","","normalizeInputData_withValidExpressions_replacesWithValues()",""
"passed","Sun Dec 29 23:34:21 GMT 2024","Sun Dec 29 23:34:21 GMT 2024","2","","de.lenneflow.accountservice.util.ValidatorTest","","de.lenneflow.accountservice.util.ValidatorTest","","validateThrowsExceptionWhenUserAlreadyExistsByEmail()",""
"passed","Sun Dec 29 23:34:17 GMT 2024","Sun Dec 29 23:34:17 GMT 2024","9","","de.lenneflow.orchestrationservice.helpercomponents.QueueListenerTest","","de.lenneflow.orchestrationservice.helpercomponents.QueueListenerTest","","resultQueueListener_logsErrorOnException()",""
"passed","Sun Dec 29 23:34:18 GMT 2024","Sun Dec 29 23:34:18 GMT 2024","2","","de.lenneflow.orchestrationservice.helpercomponents.WorkflowRunnerTest","","de.lenneflow.orchestrationservice.helpercomponents.WorkflowRunnerTest","","resumeWorkflow_shouldResumeWorkflow()",""
"passed","Sun Dec 29 23:34:16 GMT 2024","Sun Dec 29 23:34:16 GMT 2024","3","","de.lenneflow.workflowservice.util.ValidatorTest","","de.lenneflow.workflowservice.util.ValidatorTest","","validateWorkflowStep_shouldThrowExceptionWhenStepNameAlreadyExists()",""
"passed","Sun Dec 29 23:34:18 GMT 2024","Sun Dec 29 23:34:18 GMT 2024","1","","de.lenneflow.orchestrationservice.repository.WorkflowInstanceRepositoryTest","","de.lenneflow.orchestrationservice.repository.WorkflowInstanceRepositoryTest","","findByUid_returnsNull_whenUidIsEmpty()",""
"passed","Sun Dec 29 23:34:14 GMT 2024","Sun Dec 29 23:34:14 GMT 2024","19","","de.lenneflow.functionservice.util.ValidatorTest","","de.lenneflow.functionservice.util.ValidatorTest","","validateFunctionDTO_shouldThrowExceptionWhenTypeIsNull()",""
"passed","Sun Dec 29 23:34:09 GMT 2024","Sun Dec 29 23:34:09 GMT 2024","10","","de.lenneflow.orchestrationservice.controller.OrchestrationControllerTest","","de.lenneflow.orchestrationservice.controller.OrchestrationControllerTest","","startWorkflowGet_shouldThrowExceptionWhenGlobalInputDataNotFound()",""
"passed","Sun Dec 29 23:34:18 GMT 2024","Sun Dec 29 23:34:18 GMT 2024","3","","de.lenneflow.orchestrationservice.helpercomponents.WorkflowRunnerTest","","de.lenneflow.orchestrationservice.helpercomponents.WorkflowRunnerTest","","stopWorkflow_shouldStopWorkflow()",""
"passed","Sun Dec 29 23:34:23 GMT 2024","Sun Dec 29 23:34:23 GMT 2024","1","","de.lenneflow.workerservice.util.ValidatorTest","","de.lenneflow.workerservice.util.ValidatorTest","","validateLocalClusterDTO_shouldThrowExceptionWhenClusterNameIsNull()",""
"passed","Sun Dec 29 23:34:08 GMT 2024","Sun Dec 29 23:34:08 GMT 2024","47","","de.lenneflow.functionservice.controller.FunctionControllerTest","","de.lenneflow.functionservice.controller.FunctionControllerTest","","updateFunction_shouldUpdateAndReturnFunction()",""
"passed","Sun Dec 29 23:34:08 GMT 2024","Sun Dec 29 23:34:08 GMT 2024","22","","de.lenneflow.functionservice.controller.FunctionControllerTest","","de.lenneflow.functionservice.controller.FunctionControllerTest","","checkConnection_shouldCheckConnectionWhenClusterExists()",""
"passed","Sun Dec 29 23:34:15 GMT 2024","Sun Dec 29 23:34:15 GMT 2024","115","","de.lenneflow.orchestrationservice.controller.PingControllerTest","","de.lenneflow.orchestrationservice.controller.PingControllerTest","","checkFeign_shouldHandleNullResponse()",""
"passed","Sun Dec 29 23:34:08 GMT 2024","Sun Dec 29 23:34:08 GMT 2024","2","","de.lenneflow.functionservice.controller.FunctionControllerTest","","de.lenneflow.functionservice.controller.FunctionControllerTest","","deployFunction_shouldDeployFunctionWhenIdExists()",""
"passed","Sun Dec 29 23:34:15 GMT 2024","Sun Dec 29 23:34:15 GMT 2024","40","","de.lenneflow.orchestrationservice.controller.PingControllerTest","","de.lenneflow.orchestrationservice.controller.PingControllerTest","","checkFeign_shouldThrowExceptionOnRestTemplateError()",""
"passed","Sun Dec 29 23:34:19 GMT 2024","Sun Dec 29 23:34:19 GMT 2024","0","","de.lenneflow.orchestrationservice.utils.ValidatorTest","","de.lenneflow.orchestrationservice.utils.ValidatorTest","","validate_validGlobalInputData_noExceptionThrown()",""
"passed","Sun Dec 29 23:34:23 GMT 2024","Sun Dec 29 23:34:23 GMT 2024","6","","de.lenneflow.workerservice.util.ObjectMapperTest","","de.lenneflow.workerservice.util.ObjectMapperTest","","mapToAccessToken_shouldThrowExceptionWhenExpirationDateIsInvalid()",""
"passed","Sun Dec 29 23:34:23 GMT 2024","Sun Dec 29 23:34:23 GMT 2024","1","","de.lenneflow.workerservice.repository.CloudCredentialRepositoryTest","","de.lenneflow.workerservice.repository.CloudCredentialRepositoryTest","","findByUid_shouldReturnNullWhenUidDoesNotExist()",""
"passed","Sun Dec 29 23:34:14 GMT 2024","Sun Dec 29 23:34:14 GMT 2024","2","","de.lenneflow.workflowservice.repository.JsonSchemaRepositoryTest","","de.lenneflow.workflowservice.repository.JsonSchemaRepositoryTest","","findByUid_shouldReturnJsonSchema()",""
"passed","Sun Dec 29 23:34:08 GMT 2024","Sun Dec 29 23:34:08 GMT 2024","24","","de.lenneflow.functionservice.controller.FunctionControllerTest","","de.lenneflow.functionservice.controller.FunctionControllerTest","","addJsonSchema_shouldCreateAndReturnJsonSchema()",""
"passed","Sun Dec 29 23:34:18 GMT 2024","Sun Dec 29 23:34:18 GMT 2024","32","","de.lenneflow.accountservice.controller.AccountControllerTests","","de.lenneflow.accountservice.controller.AccountControllerTests","","registerUser_savesAndReturnsUser_whenValidUserDto()",""
"passed","Sun Dec 29 23:34:18 GMT 2024","Sun Dec 29 23:34:18 GMT 2024","19","","de.lenneflow.accountservice.controller.AccountControllerTests","","de.lenneflow.accountservice.controller.AccountControllerTests","","login_throwsException_whenCredentialsAreInvalid()",""
"passed","Sun Dec 29 23:34:18 GMT 2024","Sun Dec 29 23:34:18 GMT 2024","28","","de.lenneflow.accountservice.controller.AccountControllerTests","","de.lenneflow.accountservice.controller.AccountControllerTests","","getUserById_returnsUser_whenUserExists()",""
"passed","Sun Dec 29 23:34:16 GMT 2024","Sun Dec 29 23:34:16 GMT 2024","1","","de.lenneflow.workflowservice.util.ObjectMapperTest","","de.lenneflow.workflowservice.util.ObjectMapperTest","","mapToWorkflowStep_shouldHandleNullSimpleWorkflowStep()",""
"passed","Sun Dec 29 23:34:19 GMT 2024","Sun Dec 29 23:34:19 GMT 2024","30","","de.lenneflow.orchestrationservice.utils.ValidatorTest","","de.lenneflow.orchestrationservice.utils.ValidatorTest","","validateJsonData_invalidData_throwsPayloadNotValidException()",""
"passed","Sun Dec 29 23:34:23 GMT 2024","Sun Dec 29 23:34:23 GMT 2024","101","","de.lenneflow.workerservice.util.UtilTest","","de.lenneflow.workerservice.util.UtilTest","","pause_shouldPauseForGivenMilliseconds()",""
"passed","Sun Dec 29 23:34:18 GMT 2024","Sun Dec 29 23:34:18 GMT 2024","10","","de.lenneflow.orchestrationservice.utils.UtilTest","","de.lenneflow.orchestrationservice.utils.UtilTest","","serializeResultQueueElement_returnsByteArray()",""
"passed","Sun Dec 29 23:34:23 GMT 2024","Sun Dec 29 23:34:23 GMT 2024","1","","de.lenneflow.workerservice.repository.KubernetesClusterRepositoryTest","","de.lenneflow.workerservice.repository.KubernetesClusterRepositoryTest","","findByUid_shouldReturnKubernetesClusterWhenUidExists()",""
"passed","Sun Dec 29 23:34:16 GMT 2024","Sun Dec 29 23:34:16 GMT 2024","4","","de.lenneflow.workflowservice.util.ValidatorTest","","de.lenneflow.workflowservice.util.ValidatorTest","","validateWorkflowStep_shouldThrowExceptionWhenSwitchStepHasNoSwitchCase()",""
"passed","Sun Dec 29 23:34:09 GMT 2024","Sun Dec 29 23:34:09 GMT 2024","17","","de.lenneflow.orchestrationservice.controller.OrchestrationControllerTest","","de.lenneflow.orchestrationservice.controller.OrchestrationControllerTest","","startWorkflowPost_shouldThrowExceptionWhenWorkflowNotFound()",""
"passed","Sun Dec 29 23:34:15 GMT 2024","Sun Dec 29 23:34:15 GMT 2024","769","","de.lenneflow.orchestrationservice.feignclients.FunctionServiceClientTest","","de.lenneflow.orchestrationservice.feignclients.FunctionServiceClientTest","","getFunctionByUid_shouldReturnFunction()",""
"passed","Sun Dec 29 23:34:16 GMT 2024","Sun Dec 29 23:34:16 GMT 2024","4","","de.lenneflow.orchestrationservice.helpercomponents.QueueControllerTest","","de.lenneflow.orchestrationservice.helpercomponents.QueueControllerTest","","addElementToResultQueue_sendsResultQueueElement()",""
"passed","Sun Dec 29 23:34:16 GMT 2024","Sun Dec 29 23:34:16 GMT 2024","6","","de.lenneflow.workflowservice.util.ValidatorTest","","de.lenneflow.workflowservice.util.ValidatorTest","","validateWorkflowStep_shouldThrowExceptionWhenWorkflowUidIsNull()",""
"passed","Sun Dec 29 23:34:16 GMT 2024","Sun Dec 29 23:34:16 GMT 2024","1","","de.lenneflow.workflowservice.util.ObjectMapperTest","","de.lenneflow.workflowservice.util.ObjectMapperTest","","mapToWorkflowStep_shouldHandleNullSwitchWorkflowStep()",""
"passed","Sun Dec 29 23:34:18 GMT 2024","Sun Dec 29 23:34:18 GMT 2024","3","","de.lenneflow.orchestrationservice.helpercomponents.WorkflowRunnerTest","","de.lenneflow.orchestrationservice.helpercomponents.WorkflowRunnerTest","","pauseWorkflow_shouldPauseWorkflow()",""
"passed","Sun Dec 29 23:34:18 GMT 2024","Sun Dec 29 23:34:18 GMT 2024","3","","de.lenneflow.workerservice.component.CloudClusterControllerTest","","de.lenneflow.workerservice.component.CloudClusterControllerTest","","updateNodeGroup_shouldReturnHttpStatusInternalServerError()",""
"passed","Sun Dec 29 23:34:23 GMT 2024","Sun Dec 29 23:34:23 GMT 2024","1","","de.lenneflow.workerservice.repository.AccessTokenRepositoryTest","","de.lenneflow.workerservice.repository.AccessTokenRepositoryTest","","findByUid_shouldReturnNullWhenUidDoesNotExist()",""
"passed","Sun Dec 29 23:34:16 GMT 2024","Sun Dec 29 23:34:16 GMT 2024","2","","de.lenneflow.orchestrationservice.helpercomponents.InstanceControllerTest","","de.lenneflow.orchestrationservice.helpercomponents.InstanceControllerTest","","mapResultToStepInstance_updatesWorkflowStepInstance()",""
"passed","Sun Dec 29 23:34:16 GMT 2024","Sun Dec 29 23:34:16 GMT 2024","1","","de.lenneflow.callbackservice.util.ValidatorTest","","de.lenneflow.callbackservice.util.ValidatorTest","","validate_shouldThrowExceptionWhenOutputDataIsEmpty()",""
"passed","Sun Dec 29 23:34:16 GMT 2024","Sun Dec 29 23:34:16 GMT 2024","10","","de.lenneflow.orchestrationservice.helpercomponents.InstanceControllerTest","","de.lenneflow.orchestrationservice.helpercomponents.InstanceControllerTest","","setEndTime_setsEndTimeForWorkflowStepInstance()",""
"passed","Sun Dec 29 23:34:21 GMT 2024","Sun Dec 29 23:34:21 GMT 2024","2","","de.lenneflow.accountservice.util.ValidatorTest","","de.lenneflow.accountservice.util.ValidatorTest","","validateThrowsExceptionWhenUsernameIsEmpty()",""
"passed","Sun Dec 29 23:34:23 GMT 2024","Sun Dec 29 23:34:23 GMT 2024","1","","de.lenneflow.workerservice.repository.KubernetesClusterRepositoryTest","","de.lenneflow.workerservice.repository.KubernetesClusterRepositoryTest","","findBySupportedFunctionTypesContaining_shouldReturnEmptyListWhenFunctionTypeDoesNotExist()",""
"passed","Sun Dec 29 23:34:23 GMT 2024","Sun Dec 29 23:34:23 GMT 2024","25","","de.lenneflow.workerservice.controller.PingControllerTest","","de.lenneflow.workerservice.controller.PingControllerTest","","checkService_shouldReturnWelcomeMessage()",""
"passed","Sun Dec 29 23:34:23 GMT 2024","Sun Dec 29 23:34:23 GMT 2024","3","","de.lenneflow.workerservice.controller.WorkerControllerTest","","de.lenneflow.workerservice.controller.WorkerControllerTest","","createCloudClusterCredential_shouldCreateCredential()",""
"passed","Sun Dec 29 23:34:08 GMT 2024","Sun Dec 29 23:34:08 GMT 2024","7","","de.lenneflow.workflowservice.controller.WorkflowControllerTest","","de.lenneflow.workflowservice.controller.WorkflowControllerTest","","getWorkflowByName_shouldReturnWorkflow()",""
"passed","Sun Dec 29 23:34:18 GMT 2024","Sun Dec 29 23:34:18 GMT 2024","1","","de.lenneflow.orchestrationservice.repository.WorkflowStepInstanceRepositoryTest","","de.lenneflow.orchestrationservice.repository.WorkflowStepInstanceRepositoryTest","","findByUid_returnsWorkflowStepInstance_whenUidExists()",""
"passed","Sun Dec 29 23:34:19 GMT 2024","Sun Dec 29 23:34:19 GMT 2024","105","","de.lenneflow.orchestrationservice.utils.ValidatorTest","","de.lenneflow.orchestrationservice.utils.ValidatorTest","","validateJsonData_invalidJsonSchema_throwsPayloadNotValidException()",""
"passed","Sun Dec 29 23:34:16 GMT 2024","Sun Dec 29 23:34:16 GMT 2024","1","","de.lenneflow.workflowservice.util.ObjectMapperTest","","de.lenneflow.workflowservice.util.ObjectMapperTest","","mapToWorkflowStep_shouldHandleNullWhileWorkflowStep()",""
"passed","Sun Dec 29 23:34:23 GMT 2024","Sun Dec 29 23:34:23 GMT 2024","2","","de.lenneflow.workerservice.repository.AccessTokenRepositoryTest","","de.lenneflow.workerservice.repository.AccessTokenRepositoryTest","","findById_shouldReturnEmptyWhenIdDoesNotExist()",""
"passed","Sun Dec 29 23:34:15 GMT 2024","Sun Dec 29 23:34:15 GMT 2024","35","","de.lenneflow.callbackservice.util.UtilTest","","de.lenneflow.callbackservice.util.UtilTest","","deserializeResultQueueElement_shouldThrowExceptionWhenSerializedResultQueueElementIsInvalid()",""
"passed","Sun Dec 29 23:34:08 GMT 2024","Sun Dec 29 23:34:08 GMT 2024","14","","de.lenneflow.functionservice.controller.FunctionControllerTest","","de.lenneflow.functionservice.controller.FunctionControllerTest","","getFunctionById_shouldReturnFunctionWhenIdExists()",""
"passed","Sun Dec 29 23:34:08 GMT 2024","Sun Dec 29 23:34:08 GMT 2024","75","","de.lenneflow.workflowservice.controller.WorkflowControllerTest","","de.lenneflow.workflowservice.controller.WorkflowControllerTest","","addJsonSchema_shouldCreateAndReturnJsonSchema()",""
"passed","Sun Dec 29 23:34:16 GMT 2024","Sun Dec 29 23:34:16 GMT 2024","1","","de.lenneflow.workflowservice.util.ObjectMapperTest","","de.lenneflow.workflowservice.util.ObjectMapperTest","","mapToWorkflowStep_shouldMapSubWorkflowStepWithNullFields()",""
"passed","Sun Dec 29 23:34:13 GMT 2024","Sun Dec 29 23:34:13 GMT 2024","7","","de.lenneflow.functionservice.feignclients.WorkerServiceClientTest","","de.lenneflow.functionservice.feignclients.WorkerServiceClientTest","","updateUsedPorts_shouldReturnUpdatedCluster()",""
"passed","Sun Dec 29 23:34:16 GMT 2024","Sun Dec 29 23:34:16 GMT 2024","14","","de.lenneflow.orchestrationservice.helpercomponents.InstanceControllerTest","","de.lenneflow.orchestrationservice.helpercomponents.InstanceControllerTest","","getStartStep_throwsException_whenFirstStepNotFound()",""
"passed","Sun Dec 29 23:34:09 GMT 2024","Sun Dec 29 23:34:09 GMT 2024","12","","de.lenneflow.orchestrationservice.controller.OrchestrationControllerTest","","de.lenneflow.orchestrationservice.controller.OrchestrationControllerTest","","startWorkflowGet_shouldStartWorkflow()",""
"passed","Sun Dec 29 23:34:08 GMT 2024","Sun Dec 29 23:34:08 GMT 2024","17","","de.lenneflow.functionservice.controller.FunctionControllerTest","","de.lenneflow.functionservice.controller.FunctionControllerTest","","getJsonSchema_shouldReturnJsonSchemaWhenIdExists()",""
"passed","Sun Dec 29 23:34:14 GMT 2024","Sun Dec 29 23:34:14 GMT 2024","6","","de.lenneflow.functionservice.repository.JsonSchemaRepositoryTest","","de.lenneflow.functionservice.repository.JsonSchemaRepositoryTest","","findByUid_shouldReturnJsonSchemaWhenUidExists()",""
"passed","Sun Dec 29 23:34:18 GMT 2024","Sun Dec 29 23:34:18 GMT 2024","7","","de.lenneflow.orchestrationservice.utils.ExpressionEvaluatorTests","","de.lenneflow.orchestrationservice.utils.ExpressionEvaluatorTests","","normalizeInputData_withNestedExpressions_replacesWithValues()",""
"passed","Sun Dec 29 23:34:09 GMT 2024","Sun Dec 29 23:34:09 GMT 2024","586","","de.lenneflow.orchestrationservice.controller.OrchestrationControllerTest","","de.lenneflow.orchestrationservice.controller.OrchestrationControllerTest","","createGlobalInputData_shouldCreateGlobalInputData()",""
"passed","Sun Dec 29 23:34:18 GMT 2024","Sun Dec 29 23:34:18 GMT 2024","3","","de.lenneflow.orchestrationservice.utils.ExpressionEvaluatorTests","","de.lenneflow.orchestrationservice.utils.ExpressionEvaluatorTests","","evaluateDoWhileCondition_withValidExpression_returnsBoolean()",""
"passed","Sun Dec 29 23:34:21 GMT 2024","Sun Dec 29 23:34:21 GMT 2024","8","","de.lenneflow.accountservice.util.ValidatorTest","","de.lenneflow.accountservice.util.ValidatorTest","","validateSucceedsWhenAllFieldsAreValid()",""
"passed","Sun Dec 29 23:34:18 GMT 2024","Sun Dec 29 23:34:18 GMT 2024","1","","de.lenneflow.orchestrationservice.repository.WorkflowStepInstanceRepositoryTest","","de.lenneflow.orchestrationservice.repository.WorkflowStepInstanceRepositoryTest","","findByUid_returnsNull_whenUidDoesNotExist()",""
"passed","Sun Dec 29 23:34:13 GMT 2024","Sun Dec 29 23:34:13 GMT 2024","29","","de.lenneflow.workflowservice.controller.WorkflowStepControllerTest","","de.lenneflow.workflowservice.controller.WorkflowStepControllerTest","","addSimpleWorkflowStep_shouldCreateAndReturnWorkflowStep()",""
